timestamp,open,high,low,close,volume,ob_spread_mean,ob_micro_dev_mean,ob_micro_dev_std,ob_micro_dev_last,ob_imbalance_mean,ob_imbalance_last,ob_bid_depth_mean,ob_ask_depth_mean,ob_bid_slope_mean,ob_ask_slope_mean,ob_bid_integrity_mean,ob_ask_integrity_mean,taker_buy_ratio
0,50053.35955545401,50213.84520789381,49920.51646622313,50023.73049993475,7.600685661608065,0.1,0.0,0.01,0.0,0.0,0.0,100.0,100.0,0.001,0.001,0.5,0.5,0.5
300000,49975.39904794039,50075.056064925884,50016.636764781055,50021.02748206144,8.990275708532863,0.1,0.0,0.01,0.0,0.0,0.0,100.0,100.0,0.001,0.001,0.5,0.5,0.5
600000,49991.418511135984,50217.2253486811,49823.140536312276,50024.94040595061,6.265705521754965,0.1,0.0,0.01,0.0,0.0,0.0,100.0,100.0,0.001,0.001,0.5,0.5,0.5
900000,49979.34044591214,50284.148264967975,49909.65512804565,49925.29887403927,10.370204445970517,0.1,0.0,0.01,0.0,0.0,0.0,100.0,100.0,0.001,0.001,0.5,0.5,0.5
1200000,50276.78791670495,50047.158984657755,49907.764959583095,50151.52106373949,11.156475312514955,0.1,0.0,0.01,0.0,0.0,0.0,100.0,100.0,0.001,0.001,0.5,0.5,0.5
1500000,50027.03813148167,50115.89716007619,50048.27113729176,49886.807037008766,8.919868378296115,0.1,0.0,0.01,0.0,0.0,0.0,100.0,100.0,0.001,0.001,0.5,0.5,0.5
1800000,50164.31772851534,50031.66388927637,49859.191787233445,50024.14421083012,8.507035582345559,0.1,0.0,0.01,0.0,0.0,0.0,100.0,100.0,0.001,0.001,0.5,0.5,0.5
2100000,49856.35129534779,50052.42914442729,49911.74305830116,50063.060533423646,9.259036499520196,0.1,0.0,0.01,0.0,0.0,0.0,100.0,100.0,0.001,0.001,0.5,0.5,0.5
2400000,50029.08721227098,50132.02992361968,49895.59841516556,49992.68734336901,8.148094029844072,0.1,0.0,0.01,0.0,0.0,0.0,100.0,100.0,0.001,0.001,0.5,0.5,0.5
2700000,50097.09792521737,50008.60368703503,49732.59309189451,50022.96414552986,9.036297529166312,0.1,0.0,0.01,0.0,0.0,0.0,100.0,100.0,0.001,0.001,0.5,0.5,0.5
3000000,50039.0066783502,50194.03004852517,49842.80480144462,49899.35379434281,9.655428700133248,0.1,0.0,0.01,0.0,0.0,0.0,100.0,100.0,0.001,0.001,0.5,0.5,0.5
3300000,50063.11459035823,50124.187286530716,49872.95621203566,50034.622649329685,10.014338425890024,0.1,0.0,0.01,0.0,0.0,0.0,100.0,100.0,0.001,0.001,0.5,0.5,0.5
3600000,49881.50376500538,50122.68699254442,49867.7393019492,50004.989642030334,8.467195782510366,0.1,0.0,0.01,0.0,0.0,0.0,100.0,100.0,0.001,0.001,0.5,0.5,0.5
3900000,49985.28775205297,50091.266345406664,49728.09916530125,50023.96698187297,8.4522979602384,0.1,0.0,0.01,0.0,0.0,0.0,100.0,100.0,0.001,0.001,0.5,0.5,0.5
4200000,49921.4358051062,50077.72231145491,49789.0677406187,49905.67040825491,10.763122358078505,0.1,0.0,0.01,0.0,0.0,0.0,100.0,100.0,0.001,0.001,0.5,0.5,0.5
4500000,49935.80451571933,50117.81236703654,49865.820773485015,50001.05543729874,8.265355425847643,0.1,0.0,0.01,0.0,0.0,0.0,100.0,100.0,0.001,0.001,0.5,0.5,0.5
4800000,50068.18385235851,50008.901043261496,49960.3300012911,49985.84642378273,8.71488200446376,0.1,0.0,0.01,0.0,0.0,0.0,100.0,100.0,0.001,0.001,0.5,0.5,0.5
5100000,49820.770707074575,50078.33999311438,49804.0352610566,50065.36361680968,10.008575205065462,0.1,0.0,0.01,0.0,0.0,0.0,100.0,100.0,0.001,0.001,0.5,0.5,0.5
5400000,49896.335506588424,50014.52005416265,49903.85270010914,50071.11860428339,9.424877707638514,0.1,0.0,0.01,0.0,0.0,0.0,100.0,100.0,0.001,0.001,0.5,0.5,0.5
5700000,50093.18836918871,50177.31917657028,49989.7753138132,49989.28234747856,14.777648165462743,0.1,0.0,0.01,0.0,0.0,0.0,100.0,100.0,0.001,0.001,0.5,0.5,0.5
6000000,50047.773693609524,50091.042376640995,49873.40917387487,49934.987189574924,11.748688733068379,0.1,0.0,0.01,0.0,0.0,0.0,100.0,100.0,0.001,0.001,0.5,0.5,0.5
6300000,50140.49000479195,49945.30205584449,50049.935892917405,49974.575693494786,11.135226879529652,0.1,0.0,0.01,0.0,0.0,0.0,100.0,100.0,0.001,0.001,0.5,0.5,0.5
6600000,49912.19705193884,50144.83428064201,49917.49198755988,50084.00404670393,8.61114485252403,0.1,0.0,0.01,0.0,0.0,0.0,100.0,100.0,0.001,0.001,0.5,0.5,0.5
6900000,49992.592439371765,50146.32353184023,49931.3933487805,49901.793978432106,8.408497997437538,0.1,0.0,0.01,0.0,0.0,0.0,100.0,100.0,0.001,0.001,0.5,0.5,0.5
7200000,50146.89468353419,50160.779115699304,49888.55987152155,50070.23267762936,7.8092747817092505,0.1,0.0,0.01,0.0,0.0,0.0,100.0,100.0,0.001,0.001,0.5,0.5,0.5
7500000,49831.6021459421,50109.917998959085,49994.93566945447,50121.378698417735,10.29894666064899,0.1,0.0,0.01,0.0,0.0,0.0,100.0,100.0,0.001,0.001,0.5,0.5,0.5
7800000,50082.1166679045,50165.514587843616,49780.68066608953,50028.04938152188,10.923714833218446,0.1,0.0,0.01,0.0,0.0,0.0,100.0,100.0,0.001,0.001,0.5,0.5,0.5
8100000,49977.19682255753,50151.45046649346,49984.6533451304,50016.659851181976,10.756792435263225,0.1,0.0,0.01,0.0,0.0,0.0,100.0,100.0,0.001,0.001,0.5,0.5,0.5
8400000,50086.00021234884,50020.30378914685,49817.79317707095,50011.255307486266,11.729933908860673,0.1,0.0,0.01,0.0,0.0,0.0,100.0,100.0,0.001,0.001,0.5,0.5,0.5
8700000,50077.393811983595,50097.449443138205,49968.700771817355,49890.358625199464,9.435033266859758,0.1,0.0,0.01,0.0,0.0,0.0,100.0,100.0,0.001,0.001,0.5,0.5,0.5
9000000,50013.66730987098,50021.42909140474,50025.984542012986,50002.025171731104,8.440153831866212,0.1,0.0,0.01,0.0,0.0,0.0,100.0,100.0,0.001,0.001,0.5,0.5,0.5
9300000,50080.899473241436,50137.82445054677,49871.80492593475,49959.25325953436,11.192768239350048,0.1,0.0,0.01,0.0,0.0,0.0,100.0,100.0,0.001,0.001,0.5,0.5,0.5
9600000,49834.9070947579,50203.88025625459,49814.864825623874,49923.83804273191,8.379865192089605,0.1,0.0,0.01,0.0,0.0,0.0,100.0,100.0,0.001,0.001,0.5,0.5,0.5
9900000,49967.83209118529,50113.25856312263,49813.51326414491,50130.66637100466,12.049835212406546,0.1,0.0,0.01,0.0,0.0,0.0,100.0,100.0,0.001,0.001,0.5,0.5,0.5
10200000,50050.55548020396,50044.84132667778,50031.57408121158,50044.832098285,8.111486686620463,0.1,0.0,0.01,0.0,0.0,0.0,100.0,100.0,0.001,0.001,0.5,0.5,0.5
10500000,49935.13654687691,50052.233610853276,49827.84219863322,49956.002633879754,6.654836964970023,0.1,0.0,0.01,0.0,0.0,0.0,100.0,100.0,0.001,0.001,0.5,0.5,0.5
10800000,49985.39982332778,50058.80963378691,49812.093132886745,50081.34403363775,10.5084665354538,0.1,0.0,0.01,0.0,0.0,0.0,100.0,100.0,0.001,0.001,0.5,0.5,0.5
11100000,49995.24633525958,50139.680422311234,50049.3522362907,49857.82280917222,8.97956959920436,0.1,0.0,0.01,0.0,0.0,0.0,100.0,100.0,0.001,0.001,0.5,0.5,0.5
11400000,50015.84317187875,50088.79323223668,49977.53605512098,49814.16423719831,11.729626704988306,0.1,0.0,0.01,0.0,0.0,0.0,100.0,100.0,0.001,0.001,0.5,0.5,0.5
11700000,50008.46685884946,50097.792428271496,49680.03811645306,50043.295521673244,13.94689306664013,0.1,0.0,0.01,0.0,0.0,0.0,100.0,100.0,0.001,0.001,0.5,0.5,0.5
12000000,49936.59404165881,49970.731923573665,50032.13400298028,49934.47018246208,10.152552672563793,0.1,0.0,0.01,0.0,0.0,0.0,100.0,100.0,0.001,0.001,0.5,0.5,0.5
12300000,49916.987196362286,50100.135594701766,49808.42093379029,50107.28953689036,7.48122807989774,0.1,0.0,0.01,0.0,0.0,0.0,100.0,100.0,0.001,0.001,0.5,0.5,0.5
12600000,50119.81178614981,50022.754056381906,49755.43259633797,49950.384307808294,9.259445787963864,0.1,0.0,0.01,0.0,0.0,0.0,100.0,100.0,0.001,0.001,0.5,0.5,0.5
12900000,50174.90829944901,50179.838013535096,49950.488023168284,50048.21271038271,10.849705898419057,0.1,0.0,0.01,0.0,0.0,0.0,100.0,100.0,0.001,0.001,0.5,0.5,0.5
13200000,50156.22028181439,50081.101874744934,49927.116716329976,50001.58456163136,8.849212202341102,0.1,0.0,0.01,0.0,0.0,0.0,100.0,100.0,0.001,0.001,0.5,0.5,0.5
13500000,50007.32988528154,50280.434595226165,49907.7020515879,50013.40539832397,8.881133236871623,0.1,0.0,0.01,0.0,0.0,0.0,100.0,100.0,0.001,0.001,0.5,0.5,0.5
13800000,50029.132978908696,50063.86063328756,49981.21663719187,50122.97074395487,14.29923780653398,0.1,0.0,0.01,0.0,0.0,0.0,100.0,100.0,0.001,0.001,0.5,0.5,0.5
14100000,50075.80990092362,50151.89529033308,49980.550546418825,49932.008908885655,10.42456822185176,0.1,0.0,0.01,0.0,0.0,0.0,100.0,100.0,0.001,0.001,0.5,0.5,0.5
14400000,49736.085549941934,50184.975047277265,49993.1415567736,49936.55607306293,12.97330836191442,0.1,0.0,0.01,0.0,0.0,0.0,100.0,100.0,0.001,0.001,0.5,0.5,0.5
14700000,49942.91072872468,49980.61906725456,49795.12540314373,49930.36604819429,9.938893283559038,0.1,0.0,0.01,0.0,0.0,0.0,100.0,100.0,0.001,0.001,0.5,0.5,0.5
15000000,50073.501635235276,50061.322568350275,49994.74278030184,49906.62160007481,10.065283906476758,0.1,0.0,0.01,0.0,0.0,0.0,100.0,100.0,0.001,0.001,0.5,0.5,0.5
15300000,49877.74354318009,50029.37253098909,50026.1333341039,50027.43211548819,13.739459502075855,0.1,0.0,0.01,0.0,0.0,0.0,100.0,100.0,0.001,0.001,0.5,0.5,0.5
15600000,50098.11428407622,50201.17708058877,49953.813561678304,49893.93390751154,12.383125830191084,0.1,0.0,0.01,0.0,0.0,0.0,100.0,100.0,0.001,0.001,0.5,0.5,0.5
15900000,50116.830052536396,50017.82507246559,49937.91896013172,49960.661817226675,9.882492387095514,0.1,0.0,0.01,0.0,0.0,0.0,100.0,100.0,0.001,0.001,0.5,0.5,0.5
16200000,49952.079265253975,50065.605318811395,49816.55285595492,49849.28535235527,8.262836384254443,0.1,0.0,0.01,0.0,0.0,0.0,100.0,100.0,0.001,0.001,0.5,0.5,0.5
16500000,49977.215379835,50100.16638604868,49988.974239940915,50205.48940212499,5.886588565222555,0.1,0.0,0.01,0.0,0.0,0.0,100.0,100.0,0.001,0.001,0.5,0.5,0.5
16800000,50134.09031842177,50127.399422715076,49845.19781903514,49994.502284270224,5.513988401592973,0.1,0.0,0.01,0.0,0.0,0.0,100.0,100.0,0.001,0.001,0.5,0.5,0.5
17100000,50047.83970147198,50180.86481259662,49890.82854582684,49940.30085755429,13.56572423430628,0.1,0.0,0.01,0.0,0.0,0.0,100.0,100.0,0.001,0.001,0.5,0.5,0.5
17400000,49981.238866386724,49974.43983658707,49808.56111246007,50148.48436992632,13.535560961499408,0.1,0.0,0.01,0.0,0.0,0.0,100.0,100.0,0.001,0.001,0.5,0.5,0.5
17700000,49921.13830010235,49995.58042811396,49932.56121064306,50069.522798552636,7.64899258418578,0.1,0.0,0.01,0.0,0.0,0.0,100.0,100.0,0.001,0.001,0.5,0.5,0.5
18000000,50071.1834920889,50234.92139606784,49918.869533809244,50077.56485136246,12.77828314824323,0.1,0.0,0.01,0.0,0.0,0.0,100.0,100.0,0.001,0.001,0.5,0.5,0.5
18300000,50162.272736772786,50032.11919639505,49844.708191881844,50024.62673832035,11.585234562733538,0.1,0.0,0.01,0.0,0.0,0.0,100.0,100.0,0.001,0.001,0.5,0.5,0.5
18600000,49947.15574060393,50122.43195417153,49910.77740819137,50110.297215869046,13.370704755993847,0.1,0.0,0.01,0.0,0.0,0.0,100.0,100.0,0.001,0.001,0.5,0.5,0.5
18900000,50071.39810752135,50139.116091910764,49851.41056057726,50127.318792862876,8.961878896853857,0.1,0.0,0.01,0.0,0.0,0.0,100.0,100.0,0.001,0.001,0.5,0.5,0.5
19200000,49967.646103016865,50165.44933380036,49910.47019017743,49932.31448437564,11.075151430564746,0.1,0.0,0.01,0.0,0.0,0.0,100.0,100.0,0.001,0.001,0.5,0.5,0.5
19500000,50134.57795480002,50013.04099036971,49887.19748950442,50009.44311600255,13.168092108989214,0.1,0.0,0.01,0.0,0.0,0.0,100.0,100.0,0.001,0.001,0.5,0.5,0.5
19800000,50003.638863792876,50164.46474033691,49962.27444750566,50172.08512529822,8.8953982085381,0.1,0.0,0.01,0.0,0.0,0.0,100.0,100.0,0.001,0.001,0.5,0.5,0.5
20100000,50053.85118890042,50059.03775689866,49807.91422487161,49942.763121603464,9.477975940968088,0.1,0.0,0.01,0.0,0.0,0.0,100.0,100.0,0.001,0.001,0.5,0.5,0.5
20400000,49935.8460368476,50235.57753614864,49766.70659798405,50201.838026352736,9.218755688755163,0.1,0.0,0.01,0.0,0.0,0.0,100.0,100.0,0.001,0.001,0.5,0.5,0.5
20700000,49977.90813617217,50209.1828576133,50002.63048742557,50055.99755013842,12.82851863365938,0.1,0.0,0.01,0.0,0.0,0.0,100.0,100.0,0.001,0.001,0.5,0.5,0.5
21000000,49743.59545380825,50014.72873830313,49773.67142071068,49931.5208324393,11.624990180796626,0.1,0.0,0.01,0.0,0.0,0.0,100.0,100.0,0.001,0.001,0.5,0.5,0.5
21300000,49997.187741289454,50103.43891661044,50067.733765189856,49889.80601854345,6.60254205928689,0.1,0.0,0.01,0.0,0.0,0.0,100.0,100.0,0.001,0.001,0.5,0.5,0.5
21600000,49933.65300591299,50230.25307594098,49940.62971556298,50074.993781477475,12.238313859479165,0.1,0.0,0.01,0.0,0.0,0.0,100.0,100.0,0.001,0.001,0.5,0.5,0.5
21900000,50132.73802891734,50060.2092550298,49723.21898639808,49914.79519454758,7.839599255507364,0.1,0.0,0.01,0.0,0.0,0.0,100.0,100.0,0.001,0.001,0.5,0.5,0.5
22200000,49995.22126932782,50354.46423965652,49799.58446117701,50095.22496721468,12.871199761057591,0.1,0.0,0.01,0.0,0.0,0.0,100.0,100.0,0.001,0.001,0.5,0.5,0.5
22500000,49907.674818862106,50068.03567197975,49895.45826632131,49842.277491157925,10.537633589688564,0.1,0.0,0.01,0.0,0.0,0.0,100.0,100.0,0.001,0.001,0.5,0.5,0.5
22800000,50042.727349009474,50238.57239961552,49673.46826622977,49947.12604646863,10.583833695379363,0.1,0.0,0.01,0.0,0.0,0.0,100.0,100.0,0.001,0.001,0.5,0.5,0.5
23100000,49962.12102264476,50126.882800632186,50022.20408886251,49972.577844123894,6.174492039961947,0.1,0.0,0.01,0.0,0.0,0.0,100.0,100.0,0.001,0.001,0.5,0.5,0.5
23400000,49741.416222162276,50157.95139216673,49904.250699591976,49986.23053968084,14.310901191179973,0.1,0.0,0.01,0.0,0.0,0.0,100.0,100.0,0.001,0.001,0.5,0.5,0.5
23700000,50057.01488343953,50247.832427546855,50065.42366576826,49937.52661010037,10.538637089823553,0.1,0.0,0.01,0.0,0.0,0.0,100.0,100.0,0.001,0.001,0.5,0.5,0.5
24000000,50044.88325526151,50177.92669297048,49854.05886090228,50144.19301487377,10.005845198279784,0.1,0.0,0.01,0.0,0.0,0.0,100.0,100.0,0.001,0.001,0.5,0.5,0.5
24300000,50155.712484335454,50227.81827918412,49889.497071867394,50015.40186417864,8.143357350150653,0.1,0.0,0.01,0.0,0.0,0.0,100.0,100.0,0.001,0.001,0.5,0.5,0.5
24600000,49923.32473005873,49976.09738738243,49777.984855433984,50031.12570403879,10.42996958012324,0.1,0.0,0.01,0.0,0.0,0.0,100.0,100.0,0.001,0.001,0.5,0.5,0.5
24900000,49848.53299332422,49989.63651475523,49831.87768113833,50143.18027282847,11.630099101241555,0.1,0.0,0.01,0.0,0.0,0.0,100.0,100.0,0.001,0.001,0.5,0.5,0.5
25200000,49889.32349373467,50085.54452248358,49875.60737739025,49963.39712167852,12.044244816616427,0.1,0.0,0.01,0.0,0.0,0.0,100.0,100.0,0.001,0.001,0.5,0.5,0.5
25500000,49998.375780091425,50123.13601365798,49964.76471672779,49895.10765393095,11.694008802032306,0.1,0.0,0.01,0.0,0.0,0.0,100.0,100.0,0.001,0.001,0.5,0.5,0.5
25800000,49972.29572244118,50156.762414864446,50074.642014986064,50049.58657615256,6.700430714763862,0.1,0.0,0.01,0.0,0.0,0.0,100.0,100.0,0.001,0.001,0.5,0.5,0.5
26100000,49842.778633495625,50172.826529837104,49795.67484454378,49920.60760914173,8.662882908369031,0.1,0.0,0.01,0.0,0.0,0.0,100.0,100.0,0.001,0.001,0.5,0.5,0.5
26400000,49892.91416377449,50106.234408528646,49777.62235130783,49989.092771841366,8.941706553904353,0.1,0.0,0.01,0.0,0.0,0.0,100.0,100.0,0.001,0.001,0.5,0.5,0.5
26700000,49921.038956688535,49974.78778270552,49904.51590631748,49896.50832230621,11.616733067985956,0.1,0.0,0.01,0.0,0.0,0.0,100.0,100.0,0.001,0.001,0.5,0.5,0.5
27000000,49827.724198617674,50050.08062594151,49935.65055537548,50183.60721673343,12.355927786437977,0.1,0.0,0.01,0.0,0.0,0.0,100.0,100.0,0.001,0.001,0.5,0.5,0.5
27300000,49937.83790200708,50266.26477734734,49924.18672329654,49971.97575250833,13.63231436507059,0.1,0.0,0.01,0.0,0.0,0.0,100.0,100.0,0.001,0.001,0.5,0.5,0.5
27600000,49858.31503135326,50177.28232330058,49831.200055195135,50103.46977487232,8.352700030356088,0.1,0.0,0.01,0.0,0.0,0.0,100.0,100.0,0.001,0.001,0.5,0.5,0.5
27900000,49936.60598043095,50080.3774428891,50066.718600500455,50150.605107682575,13.942245673896124,0.1,0.0,0.01,0.0,0.0,0.0,100.0,100.0,0.001,0.001,0.5,0.5,0.5
28200000,50011.47455071422,50019.70912848301,49895.04128781172,50027.657615051045,11.88850495054427,0.1,0.0,0.01,0.0,0.0,0.0,100.0,100.0,0.001,0.001,0.5,0.5,0.5
28500000,49891.49812080928,50174.115396537796,49833.56041906587,49875.56016783379,12.448229709628023,0.1,0.0,0.01,0.0,0.0,0.0,100.0,100.0,0.001,0.001,0.5,0.5,0.5
28800000,49979.741844211596,50073.043402834795,49808.23828639393,49949.746805593844,11.866965412935487,0.1,0.0,0.01,0.0,0.0,0.0,100.0,100.0,0.001,0.001,0.5,0.5,0.5
29100000,50137.71940316736,50246.433747825286,49966.31435537577,49932.90195958377,9.742890147726625,0.1,0.0,0.01,0.0,0.0,0.0,100.0,100.0,0.001,0.001,0.5,0.5,0.5
29400000,49816.4944633105,50079.158896581706,49942.45977223019,49903.59416353575,11.759017205096795,0.1,0.0,0.01,0.0,0.0,0.0,100.0,100.0,0.001,0.001,0.5,0.5,0.5
29700000,50009.767138016636,49952.05722078832,49879.911357533194,49983.633393943484,12.295991835720981,0.1,0.0,0.01,0.0,0.0,0.0,100.0,100.0,0.001,0.001,0.5,0.5,0.5
30000000,49936.78737423143,50169.92564336892,49900.75981977301,50123.00488151003,10.872343178938964,0.1,0.0,0.01,0.0,0.0,0.0,100.0,100.0,0.001,0.001,0.5,0.5,0.5
30300000,50025.665209365296,50250.95274727982,49965.954817381986,49852.0947341734,9.003534547519317,0.1,0.0,0.01,0.0,0.0,0.0,100.0,100.0,0.001,0.001,0.5,0.5,0.5
30600000,50061.03032126453,49980.058552428076,49687.12499277597,50055.77441292048,9.940247527383368,0.1,0.0,0.01,0.0,0.0,0.0,100.0,100.0,0.001,0.001,0.5,0.5,0.5
30900000,49817.04552564717,50140.55213959172,49896.13934449064,50217.95789452135,7.800642724259925,0.1,0.0,0.01,0.0,0.0,0.0,100.0,100.0,0.001,0.001,0.5,0.5,0.5
31200000,50092.89095890068,50087.077185194314,49786.19343428477,49900.190302459225,10.204606000735915,0.1,0.0,0.01,0.0,0.0,0.0,100.0,100.0,0.001,0.001,0.5,0.5,0.5
31500000,50123.98942573323,50077.91951002051,49751.45171827178,50157.44549812976,8.568119952287494,0.1,0.0,0.01,0.0,0.0,0.0,100.0,100.0,0.001,0.001,0.5,0.5,0.5
31800000,50065.31936917171,50080.30228397368,49912.477906721026,49981.85916486311,9.420146417426764,0.1,0.0,0.01,0.0,0.0,0.0,100.0,100.0,0.001,0.001,0.5,0.5,0.5
32100000,49922.728451665345,50017.99117343146,49993.15405586542,49989.523429959554,10.48267198808814,0.1,0.0,0.01,0.0,0.0,0.0,100.0,100.0,0.001,0.001,0.5,0.5,0.5
32400000,50013.96623722687,50131.87219163436,49782.30414276884,50028.63607506377,8.438811224967777,0.1,0.0,0.01,0.0,0.0,0.0,100.0,100.0,0.001,0.001,0.5,0.5,0.5
32700000,50058.04806185194,50027.44475632275,49814.32083339892,49976.97415416571,7.328173718397837,0.1,0.0,0.01,0.0,0.0,0.0,100.0,100.0,0.001,0.001,0.5,0.5,0.5
33000000,49980.51284896618,49978.0188585411,49816.427932076935,50043.600789268035,12.621416269022502,0.1,0.0,0.01,0.0,0.0,0.0,100.0,100.0,0.001,0.001,0.5,0.5,0.5
33300000,49976.940598968176,50038.21305478056,49888.344516661695,50013.27824471533,10.253734971241043,0.1,0.0,0.01,0.0,0.0,0.0,100.0,100.0,0.001,0.001,0.5,0.5,0.5
33600000,50008.40865908004,50018.114897550964,49813.21629698393,49867.722245347955,11.860051046417553,0.1,0.0,0.01,0.0,0.0,0.0,100.0,100.0,0.001,0.001,0.5,0.5,0.5
33900000,50028.48777722713,50068.988335038004,49877.956705262666,49998.91208230156,10.372000448670805,0.1,0.0,0.01,0.0,0.0,0.0,100.0,100.0,0.001,0.001,0.5,0.5,0.5
34200000,49934.9732705977,49975.029934495244,49824.52252430414,49770.72083527577,11.35376018311236,0.1,0.0,0.01,0.0,0.0,0.0,100.0,100.0,0.001,0.001,0.5,0.5,0.5
34500000,50090.85357531546,50170.87265598364,49987.634254197124,50054.54697361572,8.676666895924889,0.1,0.0,0.01,0.0,0.0,0.0,100.0,100.0,0.001,0.001,0.5,0.5,0.5
34800000,50002.89946846055,49971.0099349048,49943.69218585334,50093.94528976505,11.887710300468287,0.1,0.0,0.01,0.0,0.0,0.0,100.0,100.0,0.001,0.001,0.5,0.5,0.5
35100000,49900.352370978384,50115.135871861516,49853.74721645056,49881.02710701804,8.598597984919596,0.1,0.0,0.01,0.0,0.0,0.0,100.0,100.0,0.001,0.001,0.5,0.5,0.5
35400000,50112.56884234773,49999.6807924731,49947.00667423519,50095.803445691905,6.709330307843678,0.1,0.0,0.01,0.0,0.0,0.0,100.0,100.0,0.001,0.001,0.5,0.5,0.5
35700000,49978.372269050866,50175.50225697899,49706.41108977006,49999.904551817424,6.150078037518064,0.1,0.0,0.01,0.0,0.0,0.0,100.0,100.0,0.001,0.001,0.5,0.5,0.5
36000000,49687.74563068147,50026.00038165924,49873.75915152162,50041.5579203158,11.561772528052318,0.1,0.0,0.01,0.0,0.0,0.0,100.0,100.0,0.001,0.001,0.5,0.5,0.5
36300000,49990.96072320529,49957.80852190212,49914.770982568494,50123.298710834446,11.363498803000136,0.1,0.0,0.01,0.0,0.0,0.0,100.0,100.0,0.001,0.001,0.5,0.5,0.5
36600000,49986.79234948765,50213.667316831736,50020.52066434066,49975.19121046935,13.522966998762676,0.1,0.0,0.01,0.0,0.0,0.0,100.0,100.0,0.001,0.001,0.5,0.5,0.5
36900000,49942.721560459686,49952.204990723694,49924.44602986123,49995.10561336212,9.869082524710635,0.1,0.0,0.01,0.0,0.0,0.0,100.0,100.0,0.001,0.001,0.5,0.5,0.5
37200000,49888.0972469368,50072.8849650603,49906.33663483392,50030.376737501996,14.868752203717884,0.1,0.0,0.01,0.0,0.0,0.0,100.0,100.0,0.001,0.001,0.5,0.5,0.5
37500000,50005.51822360789,50059.07417654841,49929.667836402805,49978.58360055157,9.412196491513434,0.1,0.0,0.01,0.0,0.0,0.0,100.0,100.0,0.001,0.001,0.5,0.5,0.5
37800000,49883.76273623876,50173.460837280094,49825.78183634731,50018.04458968796,9.642482510154196,0.1,0.0,0.01,0.0,0.0,0.0,100.0,100.0,0.001,0.001,0.5,0.5,0.5
38100000,49996.173829841726,50271.51408297318,49923.82745306425,50091.70237568164,11.949804343656698,0.1,0.0,0.01,0.0,0.0,0.0,100.0,100.0,0.001,0.001,0.5,0.5,0.5
38400000,50138.47794102001,50211.76931483862,49869.5869011529,50012.656344611714,10.713329922175967,0.1,0.0,0.01,0.0,0.0,0.0,100.0,100.0,0.001,0.001,0.5,0.5,0.5
38700000,49998.55308200818,50064.0347183799,49809.31350082937,49926.64437919484,9.171277928758244,0.1,0.0,0.01,0.0,0.0,0.0,100.0,100.0,0.001,0.001,0.5,0.5,0.5
39000000,50075.06301187104,49867.50315167236,49929.39608110874,49899.396095118675,9.175680491178483,0.1,0.0,0.01,0.0,0.0,0.0,100.0,100.0,0.001,0.001,0.5,0.5,0.5
39300000,49976.471701013,49741.70304602453,49855.20622454947,49980.96738562877,10.750328326246786,0.1,0.0,0.01,0.0,0.0,0.0,100.0,100.0,0.001,0.001,0.5,0.5,0.5
39600000,49953.62657080386,50147.32499139662,49891.39534411075,49985.87484646863,11.906859003087828,0.1,0.0,0.01,0.0,0.0,0.0,100.0,100.0,0.001,0.001,0.5,0.5,0.5
39900000,50043.68324591328,50012.50506097837,49713.89839893673,49876.65871426444,12.203772561723301,0.1,0.0,0.01,0.0,0.0,0.0,100.0,100.0,0.001,0.001,0.5,0.5,0.5
40200000,49897.61483890881,50149.23565482004,50009.57622153137,49898.57355332055,12.240523619569284,0.1,0.0,0.01,0.0,0.0,0.0,100.0,100.0,0.001,0.001,0.5,0.5,0.5
40500000,50077.95869948147,50054.565172828465,49935.458139922746,50030.34373220417,11.999820942327952,0.1,0.0,0.01,0.0,0.0,0.0,100.0,100.0,0.001,0.001,0.5,0.5,0.5
40800000,50118.06159845511,50162.643595138004,49835.53447151087,50071.55182409094,10.069280839212478,0.1,0.0,0.01,0.0,0.0,0.0,100.0,100.0,0.001,0.001,0.5,0.5,0.5
41100000,49988.646898651416,50066.48006965757,49911.38788278676,50022.676699419164,5.430921920391799,0.1,0.0,0.01,0.0,0.0,0.0,100.0,100.0,0.001,0.001,0.5,0.5,0.5
41400000,50126.971035496346,50095.777805654296,50051.69725167811,49998.83880259921,11.996403978782379,0.1,0.0,0.01,0.0,0.0,0.0,100.0,100.0,0.001,0.001,0.5,0.5,0.5
41700000,49962.33482383183,50186.80026643199,50065.228902476134,49932.67347164306,6.58440748209164,0.1,0.0,0.01,0.0,0.0,0.0,100.0,100.0,0.001,0.001,0.5,0.5,0.5
42000000,50104.507416368324,50098.32091874758,49934.910938197274,49994.4556459295,9.236125877571173,0.1,0.0,0.01,0.0,0.0,0.0,100.0,100.0,0.001,0.001,0.5,0.5,0.5
42300000,50029.99364335034,49923.72618012308,49898.85027605434,50020.33143600839,12.309589291059618,0.1,0.0,0.01,0.0,0.0,0.0,100.0,100.0,0.001,0.001,0.5,0.5,0.5
42600000,49945.242934285445,50263.67902694808,49806.894931414,50139.58874683328,11.12755409024665,0.1,0.0,0.01,0.0,0.0,0.0,100.0,100.0,0.001,0.001,0.5,0.5,0.5
42900000,50108.84101027974,50064.142579346466,49942.38443068091,50024.02638783654,9.478046351879952,0.1,0.0,0.01,0.0,0.0,0.0,100.0,100.0,0.001,0.001,0.5,0.5,0.5
43200000,50144.84309355899,50019.322178368544,49882.070314091616,50185.14042915512,9.881088840983189,0.1,0.0,0.01,0.0,0.0,0.0,100.0,100.0,0.001,0.001,0.5,0.5,0.5
43500000,50038.912051808744,50182.401175837964,49925.87502930505,49929.57005251629,9.80908901615582,0.1,0.0,0.01,0.0,0.0,0.0,100.0,100.0,0.001,0.001,0.5,0.5,0.5
43800000,49859.8825694939,50061.33374083817,49829.993658031875,50013.10418240467,9.4070603793167,0.1,0.0,0.01,0.0,0.0,0.0,100.0,100.0,0.001,0.001,0.5,0.5,0.5
44100000,49906.94507661794,50059.41827909321,49851.957184587525,49963.90031598813,7.809501796677459,0.1,0.0,0.01,0.0,0.0,0.0,100.0,100.0,0.001,0.001,0.5,0.5,0.5
44400000,49959.91491099254,50128.50773706697,49895.885097249506,50038.057373014606,7.598702506606645,0.1,0.0,0.01,0.0,0.0,0.0,100.0,100.0,0.001,0.001,0.5,0.5,0.5
44700000,49935.856778929636,50153.05568237654,50069.03259843631,49863.561745245184,12.68887519041718,0.1,0.0,0.01,0.0,0.0,0.0,100.0,100.0,0.001,0.001,0.5,0.5,0.5
45000000,49919.74741839729,50036.53554600942,49933.40509138116,50072.651709234364,7.55518059934926,0.1,0.0,0.01,0.0,0.0,0.0,100.0,100.0,0.001,0.001,0.5,0.5,0.5
45300000,50035.65210707629,50076.67694711756,49826.20860579228,50139.88037709796,8.423756656426194,0.1,0.0,0.01,0.0,0.0,0.0,100.0,100.0,0.001,0.001,0.5,0.5,0.5
45600000,49926.533248435546,50070.24037539988,49942.012144561246,49933.105791812326,8.728726704421765,0.1,0.0,0.01,0.0,0.0,0.0,100.0,100.0,0.001,0.001,0.5,0.5,0.5
45900000,50231.578291580816,50126.5781258993,49928.45490255598,49850.79325094033,9.889776530547561,0.1,0.0,0.01,0.0,0.0,0.0,100.0,100.0,0.001,0.001,0.5,0.5,0.5
46200000,49831.853717897604,50081.24053004934,49746.480374343715,50031.788316441474,9.738336885111945,0.1,0.0,0.01,0.0,0.0,0.0,100.0,100.0,0.001,0.001,0.5,0.5,0.5
46500000,49974.99062105412,49985.80093376878,49856.171658374704,50163.41424230253,4.324716344764057,0.1,0.0,0.01,0.0,0.0,0.0,100.0,100.0,0.001,0.001,0.5,0.5,0.5
46800000,50199.76184579848,49893.03491634407,49871.51366369834,50055.89947031149,8.652702747799788,0.1,0.0,0.01,0.0,0.0,0.0,100.0,100.0,0.001,0.001,0.5,0.5,0.5
47100000,50092.42271451204,50207.136547895534,49872.42452201957,49979.420801833825,10.980028581333913,0.1,0.0,0.01,0.0,0.0,0.0,100.0,100.0,0.001,0.001,0.5,0.5,0.5
47400000,49982.688071897406,50052.30539367678,49805.16391437462,50028.29145245426,13.026774246925466,0.1,0.0,0.01,0.0,0.0,0.0,100.0,100.0,0.001,0.001,0.5,0.5,0.5
47700000,50214.65429664426,50108.65466736779,50005.100063104306,50047.200049297455,8.740036067617872,0.1,0.0,0.01,0.0,0.0,0.0,100.0,100.0,0.001,0.001,0.5,0.5,0.5
48000000,50156.23390007313,50158.8312351016,49819.58692418314,50020.7396986547,13.790284343160469,0.1,0.0,0.01,0.0,0.0,0.0,100.0,100.0,0.001,0.001,0.5,0.5,0.5
48300000,49894.32216737662,50210.26923678971,49945.781993424396,49895.08991452143,9.759399016940474,0.1,0.0,0.01,0.0,0.0,0.0,100.0,100.0,0.001,0.001,0.5,0.5,0.5
48600000,49907.34072807245,50075.32458213023,49881.05317123536,50231.78526538276,10.499389911140229,0.1,0.0,0.01,0.0,0.0,0.0,100.0,100.0,0.001,0.001,0.5,0.5,0.5
48900000,49920.32123333727,50200.71739813509,49964.04803425219,49931.816888912355,10.589518949686429,0.1,0.0,0.01,0.0,0.0,0.0,100.0,100.0,0.001,0.001,0.5,0.5,0.5
49200000,50041.00770935006,50297.62128259668,49868.96339625758,50227.091257711145,10.66546336162983,0.1,0.0,0.01,0.0,0.0,0.0,100.0,100.0,0.001,0.001,0.5,0.5,0.5
49500000,50052.39610073124,50140.389002539785,50090.9215614116,49851.18441340415,11.247027601700587,0.1,0.0,0.01,0.0,0.0,0.0,100.0,100.0,0.001,0.001,0.5,0.5,0.5
49800000,49917.48987490316,49996.55735062198,49886.030161317576,50086.75573166071,8.076517001929092,0.1,0.0,0.01,0.0,0.0,0.0,100.0,100.0,0.001,0.001,0.5,0.5,0.5
50100000,49944.66804246748,50233.01392973068,50014.16250483882,50076.78573787618,11.054770494277752,0.1,0.0,0.01,0.0,0.0,0.0,100.0,100.0,0.001,0.001,0.5,0.5,0.5
50400000,50090.4589819436,50102.36939996017,49977.3563858875,49995.78761106316,5.15965689615526,0.1,0.0,0.01,0.0,0.0,0.0,100.0,100.0,0.001,0.001,0.5,0.5,0.5
50700000,49880.50011587539,50008.95221311377,49735.80557034401,49938.48574354737,7.864327089000401,0.1,0.0,0.01,0.0,0.0,0.0,100.0,100.0,0.001,0.001,0.5,0.5,0.5
51000000,50050.43221008657,50103.062121738854,49850.34078105583,50007.60093052174,13.404991352245547,0.1,0.0,0.01,0.0,0.0,0.0,100.0,100.0,0.001,0.001,0.5,0.5,0.5
51300000,49926.30317195133,50045.63139007523,50016.103213444054,49835.66279441985,9.354342242234837,0.1,0.0,0.01,0.0,0.0,0.0,100.0,100.0,0.001,0.001,0.5,0.5,0.5
51600000,49892.74655909915,50037.12836539824,50111.48805433335,50129.44157222248,5.906361536909895,0.1,0.0,0.01,0.0,0.0,0.0,100.0,100.0,0.001,0.001,0.5,0.5,0.5
51900000,50006.93562807253,50211.83568329984,49965.72261042466,50014.79198725504,8.577825022473242,0.1,0.0,0.01,0.0,0.0,0.0,100.0,100.0,0.001,0.001,0.5,0.5,0.5
52200000,49915.1245891597,50094.04224192097,49942.899070513675,50160.64934336288,9.338440792143409,0.1,0.0,0.01,0.0,0.0,0.0,100.0,100.0,0.001,0.001,0.5,0.5,0.5
52500000,49947.09639227838,50186.523172753565,49901.84565773168,49946.89369459048,9.275857833920195,0.1,0.0,0.01,0.0,0.0,0.0,100.0,100.0,0.001,0.001,0.5,0.5,0.5
52800000,50025.20100219505,50076.08120894976,49843.55748582382,50008.967411100806,9.046683977890629,0.1,0.0,0.01,0.0,0.0,0.0,100.0,100.0,0.001,0.001,0.5,0.5,0.5
53100000,49901.688467346496,49887.36988976127,49993.63640037595,49989.589212578794,11.143548529694295,0.1,0.0,0.01,0.0,0.0,0.0,100.0,100.0,0.001,0.001,0.5,0.5,0.5
53400000,49988.92479598419,50194.97269772434,49796.650610780845,50064.455864297146,11.817522457035952,0.1,0.0,0.01,0.0,0.0,0.0,100.0,100.0,0.001,0.001,0.5,0.5,0.5
53700000,49977.12274351682,50227.1787365533,49893.32207664144,49991.31163075337,8.86753712932737,0.1,0.0,0.01,0.0,0.0,0.0,100.0,100.0,0.001,0.001,0.5,0.5,0.5
54000000,49817.87673211745,49974.38453535163,49760.5964927139,50075.77410052011,7.816310358251647,0.1,0.0,0.01,0.0,0.0,0.0,100.0,100.0,0.001,0.001,0.5,0.5,0.5
54300000,50015.85595111114,50038.39034926729,49860.78005927687,49731.353045675256,10.135442335807271,0.1,0.0,0.01,0.0,0.0,0.0,100.0,100.0,0.001,0.001,0.5,0.5,0.5
54600000,50110.182385495384,50081.29166944578,49889.54347769614,50002.8654455082,8.97107087228582,0.1,0.0,0.01,0.0,0.0,0.0,100.0,100.0,0.001,0.001,0.5,0.5,0.5
54900000,49934.572987690204,50107.240054228,49694.14293552324,50042.79610706388,11.043835405722685,0.1,0.0,0.01,0.0,0.0,0.0,100.0,100.0,0.001,0.001,0.5,0.5,0.5
55200000,50022.86325068781,50100.05828027128,49918.02381596423,49984.41531246461,5.013005729716169,0.1,0.0,0.01,0.0,0.0,0.0,100.0,100.0,0.001,0.001,0.5,0.5,0.5
55500000,49910.64092467056,50022.48165523293,50101.76116283878,49877.03849217663,11.320029424500278,0.1,0.0,0.01,0.0,0.0,0.0,100.0,100.0,0.001,0.001,0.5,0.5,0.5
55800000,49891.79558267638,50008.39172644509,49775.58168948176,50026.6864539509,9.361334529696187,0.1,0.0,0.01,0.0,0.0,0.0,100.0,100.0,0.001,0.001,0.5,0.5,0.5
56100000,50015.547317439115,50147.144061545245,49914.045873937124,49991.80934477067,11.480744764643806,0.1,0.0,0.01,0.0,0.0,0.0,100.0,100.0,0.001,0.001,0.5,0.5,0.5
56400000,49805.9287978388,50266.78814809022,49689.21762779996,49913.982490317794,9.214931680280205,0.1,0.0,0.01,0.0,0.0,0.0,100.0,100.0,0.001,0.001,0.5,0.5,0.5
56700000,50009.10650392139,50092.835322853054,49957.40396301596,50054.11689963121,8.101695720153772,0.1,0.0,0.01,0.0,0.0,0.0,100.0,100.0,0.001,0.001,0.5,0.5,0.5
57000000,50091.8779355661,50095.30008197937,49893.8623420456,49893.32945148167,9.420726436500933,0.1,0.0,0.01,0.0,0.0,0.0,100.0,100.0,0.001,0.001,0.5,0.5,0.5
57300000,50173.23022642227,50130.172085758124,49988.75583921097,50030.7176494612,12.464662627780497,0.1,0.0,0.01,0.0,0.0,0.0,100.0,100.0,0.001,0.001,0.5,0.5,0.5
57600000,50103.22404048193,50272.66688064525,50121.094839769976,49962.66615171109,12.004159228977437,0.1,0.0,0.01,0.0,0.0,0.0,100.0,100.0,0.001,0.001,0.5,0.5,0.5
57900000,50142.480498211735,50083.61161868742,49878.80536119365,49914.536436317845,10.210717860451188,0.1,0.0,0.01,0.0,0.0,0.0,100.0,100.0,0.001,0.001,0.5,0.5,0.5
58200000,50068.16617829243,50214.66136716556,50109.32607251245,50138.27540674186,9.08113162693759,0.1,0.0,0.01,0.0,0.0,0.0,100.0,100.0,0.001,0.001,0.5,0.5,0.5
58500000,50008.21767229017,50105.38438067193,49798.638150930936,50060.749239538825,8.741800758182226,0.1,0.0,0.01,0.0,0.0,0.0,100.0,100.0,0.001,0.001,0.5,0.5,0.5
58800000,50110.00734853562,50093.58247110165,49920.08793618984,50107.46293308302,10.866703993800375,0.1,0.0,0.01,0.0,0.0,0.0,100.0,100.0,0.001,0.001,0.5,0.5,0.5
59100000,50058.30393314755,50280.86699770071,49913.81915091377,49982.2538735556,12.640087205395597,0.1,0.0,0.01,0.0,0.0,0.0,100.0,100.0,0.001,0.001,0.5,0.5,0.5
59400000,49941.68966074649,50065.711413027275,49806.79967868599,49899.555808257646,7.4889204753421925,0.1,0.0,0.01,0.0,0.0,0.0,100.0,100.0,0.001,0.001,0.5,0.5,0.5
59700000,49889.75998599182,50081.86699989912,49914.17905616192,49989.68819224421,9.418017460861886,0.1,0.0,0.01,0.0,0.0,0.0,100.0,100.0,0.001,0.001,0.5,0.5,0.5
60000000,50018.31788194301,50077.65193216944,49949.38397645858,50210.29400215027,9.54712621042058,0.1,0.0,0.01,0.0,0.0,0.0,100.0,100.0,0.001,0.001,0.5,0.5,0.5
60300000,50103.38050458835,50246.02806757246,49829.642806302116,50013.565273769134,6.507972787612408,0.1,0.0,0.01,0.0,0.0,0.0,100.0,100.0,0.001,0.001,0.5,0.5,0.5
60600000,49975.89015893108,50034.698698598564,49876.44937107865,50131.81683177611,13.612944628462415,0.1,0.0,0.01,0.0,0.0,0.0,100.0,100.0,0.001,0.001,0.5,0.5,0.5
60900000,50167.07595706502,50054.66076105171,49840.68957142834,50130.30220056568,7.397545180963949,0.1,0.0,0.01,0.0,0.0,0.0,100.0,100.0,0.001,0.001,0.5,0.5,0.5
61200000,50060.48437837951,50054.72546108968,49961.27662066098,50137.16546954553,11.249231553150386,0.1,0.0,0.01,0.0,0.0,0.0,100.0,100.0,0.001,0.001,0.5,0.5,0.5
61500000,49966.62244301066,50057.40336550217,49838.9523796973,49950.82798843287,6.47700053325825,0.1,0.0,0.01,0.0,0.0,0.0,100.0,100.0,0.001,0.001,0.5,0.5,0.5
61800000,49992.51233934598,50102.1002495512,49921.4507319737,49975.38681916386,9.544268276251126,0.1,0.0,0.01,0.0,0.0,0.0,100.0,100.0,0.001,0.001,0.5,0.5,0.5
62100000,50034.6057047963,49902.255019474935,49859.21783570333,50044.87337136018,9.59725244814596,0.1,0.0,0.01,0.0,0.0,0.0,100.0,100.0,0.001,0.001,0.5,0.5,0.5
62400000,49830.23028220711,50114.74065163195,49820.48831629571,50038.74313633107,8.739639439751981,0.1,0.0,0.01,0.0,0.0,0.0,100.0,100.0,0.001,0.001,0.5,0.5,0.5
62700000,49974.52117308249,49984.81803763402,49847.72685507101,50231.32109961348,10.581897044182503,0.1,0.0,0.01,0.0,0.0,0.0,100.0,100.0,0.001,0.001,0.5,0.5,0.5
63000000,50011.30732642714,50287.35907844627,49799.56763829019,50068.42180693959,11.901798036949584,0.1,0.0,0.01,0.0,0.0,0.0,100.0,100.0,0.001,0.001,0.5,0.5,0.5
63300000,50076.225270462295,50039.86488481433,49824.37214542651,49821.49678233506,9.582003347305895,0.1,0.0,0.01,0.0,0.0,0.0,100.0,100.0,0.001,0.001,0.5,0.5,0.5
63600000,50075.21659311242,50052.125955269934,49848.895160543536,50192.89133046598,12.118759713419704,0.1,0.0,0.01,0.0,0.0,0.0,100.0,100.0,0.001,0.001,0.5,0.5,0.5
63900000,50016.13786306511,49979.637649420205,50204.54412143286,49904.566134899425,12.310721003557376,0.1,0.0,0.01,0.0,0.0,0.0,100.0,100.0,0.001,0.001,0.5,0.5,0.5
64200000,49977.16592006221,49970.273364820954,49900.76163523878,50077.601391733355,7.3932209780613345,0.1,0.0,0.01,0.0,0.0,0.0,100.0,100.0,0.001,0.001,0.5,0.5,0.5
64500000,49962.44452495526,50222.04173650051,49990.744375492024,49746.51357690698,7.971718922372355,0.1,0.0,0.01,0.0,0.0,0.0,100.0,100.0,0.001,0.001,0.5,0.5,0.5
64800000,49985.660081306065,49999.73516823658,50011.3305445867,50220.17851093017,9.607145684583573,0.1,0.0,0.01,0.0,0.0,0.0,100.0,100.0,0.001,0.001,0.5,0.5,0.5
65100000,50026.83481666761,50211.25445540279,49846.29431334879,50071.14940280699,9.84589802977467,0.1,0.0,0.01,0.0,0.0,0.0,100.0,100.0,0.001,0.001,0.5,0.5,0.5
65400000,49998.56769353302,50312.79776012232,49723.79160093818,50037.71480506285,11.467486657144972,0.1,0.0,0.01,0.0,0.0,0.0,100.0,100.0,0.001,0.001,0.5,0.5,0.5
65700000,50037.9662032163,50123.11079791848,49891.71045916046,50096.85055738649,8.567327665691373,0.1,0.0,0.01,0.0,0.0,0.0,100.0,100.0,0.001,0.001,0.5,0.5,0.5
66000000,49802.70468622245,50121.45338754665,49999.590215199285,50049.23426725238,8.716981966417878,0.1,0.0,0.01,0.0,0.0,0.0,100.0,100.0,0.001,0.001,0.5,0.5,0.5
66300000,49979.215733437304,50112.707739273035,50056.44236311028,49909.0522146606,12.909971027947137,0.1,0.0,0.01,0.0,0.0,0.0,100.0,100.0,0.001,0.001,0.5,0.5,0.5
66600000,50092.47844164628,50011.770705768016,50160.64737024989,50155.89569797768,11.33499573127175,0.1,0.0,0.01,0.0,0.0,0.0,100.0,100.0,0.001,0.001,0.5,0.5,0.5
66900000,50167.464732003886,50220.37044522929,49852.85194961877,50232.76864129091,8.411741430996074,0.1,0.0,0.01,0.0,0.0,0.0,100.0,100.0,0.001,0.001,0.5,0.5,0.5
67200000,50118.529265740624,50217.28729701219,49976.03722742475,49966.395127953656,13.179874831889519,0.1,0.0,0.01,0.0,0.0,0.0,100.0,100.0,0.001,0.001,0.5,0.5,0.5
67500000,49965.91840818939,50124.77518528776,49926.6548136213,50042.80544695818,9.960315417588735,0.1,0.0,0.01,0.0,0.0,0.0,100.0,100.0,0.001,0.001,0.5,0.5,0.5
67800000,50090.573835694006,49971.04930651423,49918.189138655456,50051.292126819826,6.914850628204948,0.1,0.0,0.01,0.0,0.0,0.0,100.0,100.0,0.001,0.001,0.5,0.5,0.5
68100000,50019.600533455996,50211.47720343861,50070.652830946,50070.3890522485,8.22643250771894,0.1,0.0,0.01,0.0,0.0,0.0,100.0,100.0,0.001,0.001,0.5,0.5,0.5
68400000,50008.41693892345,50146.69547299315,49989.29378486578,50152.958165101525,8.510592549169916,0.1,0.0,0.01,0.0,0.0,0.0,100.0,100.0,0.001,0.001,0.5,0.5,0.5
68700000,50096.05921406301,49989.65413963677,50114.4799347226,49949.3131101862,8.957011370239476,0.1,0.0,0.01,0.0,0.0,0.0,100.0,100.0,0.001,0.001,0.5,0.5,0.5
69000000,49927.39271810043,50036.47225776943,49719.43692391496,50147.6195643063,14.244246850762206,0.1,0.0,0.01,0.0,0.0,0.0,100.0,100.0,0.001,0.001,0.5,0.5,0.5
69300000,50050.14296147389,50159.48993864299,49893.84380130727,50150.73141690346,6.670416879229996,0.1,0.0,0.01,0.0,0.0,0.0,100.0,100.0,0.001,0.001,0.5,0.5,0.5
69600000,50066.72804434488,50101.4481819372,49774.893617767644,49804.58153095776,7.658684947727547,0.1,0.0,0.01,0.0,0.0,0.0,100.0,100.0,0.001,0.001,0.5,0.5,0.5
69900000,50078.34202889589,50064.391454408156,50044.12691286947,50204.68698905135,10.695690542789595,0.1,0.0,0.01,0.0,0.0,0.0,100.0,100.0,0.001,0.001,0.5,0.5,0.5
70200000,50129.66077201549,49975.93681719712,49795.065046000695,49819.693643797385,6.827216367891342,0.1,0.0,0.01,0.0,0.0,0.0,100.0,100.0,0.001,0.001,0.5,0.5,0.5
70500000,49963.00113001568,50207.63440532193,49975.47191415906,49881.995494477495,11.181602695876318,0.1,0.0,0.01,0.0,0.0,0.0,100.0,100.0,0.001,0.001,0.5,0.5,0.5
70800000,50013.174442883275,50115.813401572705,49841.848593014096,50052.282596236444,8.101083435072503,0.1,0.0,0.01,0.0,0.0,0.0,100.0,100.0,0.001,0.001,0.5,0.5,0.5
71100000,49894.025054943464,50034.30436923209,49831.64147257835,50078.35697458586,7.794865620961428,0.1,0.0,0.01,0.0,0.0,0.0,100.0,100.0,0.001,0.001,0.5,0.5,0.5
71400000,50010.38654562774,50083.97742552405,49859.07395932695,49981.6694570894,7.112472202646542,0.1,0.0,0.01,0.0,0.0,0.0,100.0,100.0,0.001,0.001,0.5,0.5,0.5
71700000,49922.536395401214,50113.178790015736,49793.37908253467,49958.8613343385,10.578953943394316,0.1,0.0,0.01,0.0,0.0,0.0,100.0,100.0,0.001,0.001,0.5,0.5,0.5
72000000,49978.73286787062,50038.31204262974,50011.43089810398,50128.74310726452,7.881167726320479,0.1,0.0,0.01,0.0,0.0,0.0,100.0,100.0,0.001,0.001,0.5,0.5,0.5
72300000,49938.48180327851,50038.60924652411,49928.057207939186,49820.682877328094,9.212613367991148,0.1,0.0,0.01,0.0,0.0,0.0,100.0,100.0,0.001,0.001,0.5,0.5,0.5
72600000,50027.58434069361,50080.89056282273,49877.996732668595,49950.94715456489,10.884049507380187,0.1,0.0,0.01,0.0,0.0,0.0,100.0,100.0,0.001,0.001,0.5,0.5,0.5
72900000,49936.64318511678,50271.899528974034,50130.694798077595,50082.699357058664,8.081458203184564,0.1,0.0,0.01,0.0,0.0,0.0,100.0,100.0,0.001,0.001,0.5,0.5,0.5
73200000,49903.740779208696,49976.26216486809,49852.04809828282,49974.2114349055,10.347148552715037,0.1,0.0,0.01,0.0,0.0,0.0,100.0,100.0,0.001,0.001,0.5,0.5,0.5
73500000,49968.911936678065,50108.249164958055,49944.35990059534,50145.79202926409,7.799804066896932,0.1,0.0,0.01,0.0,0.0,0.0,100.0,100.0,0.001,0.001,0.5,0.5,0.5
73800000,50028.50648653259,50041.885792799236,50018.142465956604,49966.93218408322,7.483901796362039,0.1,0.0,0.01,0.0,0.0,0.0,100.0,100.0,0.001,0.001,0.5,0.5,0.5
74100000,49893.74836933306,50186.39451886014,49932.22716791398,50011.7196369294,12.805648403166732,0.1,0.0,0.01,0.0,0.0,0.0,100.0,100.0,0.001,0.001,0.5,0.5,0.5
74400000,50074.59981262414,50050.31321803629,49755.74827386287,50014.31551316425,8.262911349695978,0.1,0.0,0.01,0.0,0.0,0.0,100.0,100.0,0.001,0.001,0.5,0.5,0.5
74700000,50090.58077605919,49936.57409094385,49921.4050515578,49960.56350485574,13.240982717703854,0.1,0.0,0.01,0.0,0.0,0.0,100.0,100.0,0.001,0.001,0.5,0.5,0.5
75000000,50072.45925090286,50084.75470635039,50011.312895637595,49939.06392686174,10.607135372867113,0.1,0.0,0.01,0.0,0.0,0.0,100.0,100.0,0.001,0.001,0.5,0.5,0.5
75300000,49909.59294074365,49984.143786597655,49917.04164843939,49823.02833040152,10.405067605878472,0.1,0.0,0.01,0.0,0.0,0.0,100.0,100.0,0.001,0.001,0.5,0.5,0.5
75600000,50098.33980122387,50323.258816248075,49929.75471132101,50106.54951458993,10.877453249858192,0.1,0.0,0.01,0.0,0.0,0.0,100.0,100.0,0.001,0.001,0.5,0.5,0.5
75900000,50099.65420975037,49849.621794582905,49876.70836196458,49959.80304849455,12.998114285212315,0.1,0.0,0.01,0.0,0.0,0.0,100.0,100.0,0.001,0.001,0.5,0.5,0.5
76200000,49837.41516612586,50108.386417782414,49958.20516715063,49929.22688865731,9.897015098848433,0.1,0.0,0.01,0.0,0.0,0.0,100.0,100.0,0.001,0.001,0.5,0.5,0.5
76500000,49989.353252788176,50279.08450506166,49933.2046939449,49861.72204255609,10.005583882834541,0.1,0.0,0.01,0.0,0.0,0.0,100.0,100.0,0.001,0.001,0.5,0.5,0.5
76800000,50118.500910942545,50153.80058751015,49867.22332253931,49944.72436568841,9.047631829085914,0.1,0.0,0.01,0.0,0.0,0.0,100.0,100.0,0.001,0.001,0.5,0.5,0.5
77100000,49860.131639633604,50074.360854784325,49949.475138250054,49989.93355096383,9.763199296967398,0.1,0.0,0.01,0.0,0.0,0.0,100.0,100.0,0.001,0.001,0.5,0.5,0.5
77400000,49984.2167650986,50162.78549503173,49783.48163582066,49989.94278386123,9.590655717354357,0.1,0.0,0.01,0.0,0.0,0.0,100.0,100.0,0.001,0.001,0.5,0.5,0.5
77700000,49853.78756202599,50100.832069153716,50075.124998744126,49884.25964630832,7.508443661230986,0.1,0.0,0.01,0.0,0.0,0.0,100.0,100.0,0.001,0.001,0.5,0.5,0.5
78000000,49940.694893799184,50180.390390456894,49973.83513546781,50135.944056715525,4.142415821384993,0.1,0.0,0.01,0.0,0.0,0.0,100.0,100.0,0.001,0.001,0.5,0.5,0.5
78300000,49987.07267304745,50057.54090038292,49862.629465374965,49824.50835761588,9.693636566360507,0.1,0.0,0.01,0.0,0.0,0.0,100.0,100.0,0.001,0.001,0.5,0.5,0.5
78600000,49963.90449387028,50139.17127909806,49950.87710982041,49852.476155956225,8.025573883017252,0.1,0.0,0.01,0.0,0.0,0.0,100.0,100.0,0.001,0.001,0.5,0.5,0.5
78900000,50057.52007428698,50278.85217233368,49799.20218093387,49923.5422538131,7.313159038292424,0.1,0.0,0.01,0.0,0.0,0.0,100.0,100.0,0.001,0.001,0.5,0.5,0.5
79200000,50082.0791933036,50217.338435729675,49989.030009404414,49816.20985897508,7.0331990873356185,0.1,0.0,0.01,0.0,0.0,0.0,100.0,100.0,0.001,0.001,0.5,0.5,0.5
79500000,49999.082119232844,50177.011891326074,49768.959754398384,50069.64226334579,9.499579607721808,0.1,0.0,0.01,0.0,0.0,0.0,100.0,100.0,0.001,0.001,0.5,0.5,0.5
79800000,50061.53121382999,50163.54677038411,49881.62211837992,50024.47265020351,7.833132597212115,0.1,0.0,0.01,0.0,0.0,0.0,100.0,100.0,0.001,0.001,0.5,0.5,0.5
80100000,49905.62079098002,50226.19101144723,49801.03383784831,50014.09124939053,9.725596464276226,0.1,0.0,0.01,0.0,0.0,0.0,100.0,100.0,0.001,0.001,0.5,0.5,0.5
80400000,49783.96271880717,50267.75006117104,50111.14529777419,50123.93504031404,10.16908169433487,0.1,0.0,0.01,0.0,0.0,0.0,100.0,100.0,0.001,0.001,0.5,0.5,0.5
80700000,50177.86448314517,50110.690555620306,49805.678740239135,49943.54736539654,12.6117177822071,0.1,0.0,0.01,0.0,0.0,0.0,100.0,100.0,0.001,0.001,0.5,0.5,0.5
81000000,50054.89443252636,50058.358794419844,50079.95129078952,49834.90184779533,10.660594462142075,0.1,0.0,0.01,0.0,0.0,0.0,100.0,100.0,0.001,0.001,0.5,0.5,0.5
81300000,50011.93667864374,49852.369526948125,49894.982874952664,50069.12690429406,8.320482182277303,0.1,0.0,0.01,0.0,0.0,0.0,100.0,100.0,0.001,0.001,0.5,0.5,0.5
81600000,49924.348537905,50232.64802443567,49935.4190565442,50050.71014842619,11.856663313279094,0.1,0.0,0.01,0.0,0.0,0.0,100.0,100.0,0.001,0.001,0.5,0.5,0.5
81900000,49895.036778269394,50068.43493614441,49796.105110701705,50029.75049398648,13.382391663851985,0.1,0.0,0.01,0.0,0.0,0.0,100.0,100.0,0.001,0.001,0.5,0.5,0.5
82200000,50001.30659615522,50104.00739192521,49855.03446695592,50089.60090885469,9.378013496263733,0.1,0.0,0.01,0.0,0.0,0.0,100.0,100.0,0.001,0.001,0.5,0.5,0.5
82500000,50096.08602424791,50167.75004615828,49956.386318491015,49957.26298554238,5.509811505049228,0.1,0.0,0.01,0.0,0.0,0.0,100.0,100.0,0.001,0.001,0.5,0.5,0.5
82800000,49983.459878293164,50199.78970954999,50065.18059034986,49863.46851658849,8.143387663600011,0.1,0.0,0.01,0.0,0.0,0.0,100.0,100.0,0.001,0.001,0.5,0.5,0.5
83100000,50050.918632736095,50138.57522548697,49929.7209687422,49956.0171103655,9.444200481026435,0.1,0.0,0.01,0.0,0.0,0.0,100.0,100.0,0.001,0.001,0.5,0.5,0.5
83400000,50067.664120880705,49914.269224570664,50059.00449624542,50066.1265657363,9.550080242122107,0.1,0.0,0.01,0.0,0.0,0.0,100.0,100.0,0.001,0.001,0.5,0.5,0.5
83700000,50151.27367812562,49956.57289038558,50004.9162137722,50031.780863797685,10.957386847494792,0.1,0.0,0.01,0.0,0.0,0.0,100.0,100.0,0.001,0.001,0.5,0.5,0.5
84000000,50069.96600906368,50149.74446742814,49903.799351911905,50025.52535573052,5.411461617524412,0.1,0.0,0.01,0.0,0.0,0.0,100.0,100.0,0.001,0.001,0.5,0.5,0.5
84300000,49859.81892723597,50041.98813359358,49809.43522587661,50063.40980578992,10.278779191084324,0.1,0.0,0.01,0.0,0.0,0.0,100.0,100.0,0.001,0.001,0.5,0.5,0.5
84600000,50066.354914799645,50265.996881297055,49783.154683223765,50042.67998011323,12.890111751249954,0.1,0.0,0.01,0.0,0.0,0.0,100.0,100.0,0.001,0.001,0.5,0.5,0.5
84900000,50135.263879640916,50204.50946477113,49797.88288642905,50033.13457760009,9.294735599489451,0.1,0.0,0.01,0.0,0.0,0.0,100.0,100.0,0.001,0.001,0.5,0.5,0.5
85200000,50044.41016437492,50206.94719242419,49934.211924641844,49997.41861857207,11.666412009831102,0.1,0.0,0.01,0.0,0.0,0.0,100.0,100.0,0.001,0.001,0.5,0.5,0.5
85500000,49990.708285738634,49968.9150719317,49912.19867333679,50144.535036124864,8.12244203054562,0.1,0.0,0.01,0.0,0.0,0.0,100.0,100.0,0.001,0.001,0.5,0.5,0.5
85800000,50062.99330448105,50109.08844487364,49963.97494620186,49943.49903901906,11.282831124174974,0.1,0.0,0.01,0.0,0.0,0.0,100.0,100.0,0.001,0.001,0.5,0.5,0.5
86100000,49874.07238525185,50028.58818174269,49838.8308540333,49940.46385239541,8.863534599211857,0.1,0.0,0.01,0.0,0.0,0.0,100.0,100.0,0.001,0.001,0.5,0.5,0.5
86400000,50077.25185876593,49964.30009864371,49779.82124277777,49928.5438508079,10.814097511600986,0.1,0.0,0.01,0.0,0.0,0.0,100.0,100.0,0.001,0.001,0.5,0.5,0.5
86700000,50086.49711771092,49946.451545601965,50043.728338531946,49851.97671567423,9.322160836213609,0.1,0.0,0.01,0.0,0.0,0.0,100.0,100.0,0.001,0.001,0.5,0.5,0.5
87000000,49951.607165989924,49972.56450845306,49927.779647637486,50121.755524493434,7.4396329176965725,0.1,0.0,0.01,0.0,0.0,0.0,100.0,100.0,0.001,0.001,0.5,0.5,0.5
87300000,49980.42650985256,50182.67765968505,49738.697682220576,50085.2271845339,10.507801056357563,0.1,0.0,0.01,0.0,0.0,0.0,100.0,100.0,0.001,0.001,0.5,0.5,0.5
87600000,49951.34192986265,49953.886367177,50073.38780481602,49977.7227283267,8.96574136445698,0.1,0.0,0.01,0.0,0.0,0.0,100.0,100.0,0.001,0.001,0.5,0.5,0.5
87900000,50007.982304616555,50186.44142103034,49783.581072816254,49939.14722835361,8.36411493837428,0.1,0.0,0.01,0.0,0.0,0.0,100.0,100.0,0.001,0.001,0.5,0.5,0.5
88200000,50010.74310133919,50373.17780616804,49973.12828712838,50035.18174041809,11.412098481568634,0.1,0.0,0.01,0.0,0.0,0.0,100.0,100.0,0.001,0.001,0.5,0.5,0.5
88500000,49881.08220063069,50206.01659662694,49966.43820697167,49875.13118166764,12.863773940442108,0.1,0.0,0.01,0.0,0.0,0.0,100.0,100.0,0.001,0.001,0.5,0.5,0.5
88800000,50047.27285566048,50118.108947616354,49845.374520151025,49932.92556638594,9.624806803532866,0.1,0.0,0.01,0.0,0.0,0.0,100.0,100.0,0.001,0.001,0.5,0.5,0.5
89100000,49885.23417293214,50144.70450751897,49843.04497046305,49850.55411180954,9.896901183915269,0.1,0.0,0.01,0.0,0.0,0.0,100.0,100.0,0.001,0.001,0.5,0.5,0.5
89400000,50306.53440446711,50156.28985090112,49808.41458378242,49995.83462069895,8.543060002383012,0.1,0.0,0.01,0.0,0.0,0.0,100.0,100.0,0.001,0.001,0.5,0.5,0.5
89700000,49892.735887647286,50204.40726942678,49988.39020117313,50053.16189439409,9.628710699753292,0.1,0.0,0.01,0.0,0.0,0.0,100.0,100.0,0.001,0.001,0.5,0.5,0.5
90000000,50127.45658112137,50124.4145644362,49938.81981879267,49919.12097119911,8.4730513116124,0.1,0.0,0.01,0.0,0.0,0.0,100.0,100.0,0.001,0.001,0.5,0.5,0.5
90300000,49894.843306261624,50191.749397075386,49988.17026182034,49917.78774964511,7.702456628993462,0.1,0.0,0.01,0.0,0.0,0.0,100.0,100.0,0.001,0.001,0.5,0.5,0.5
90600000,50095.00523259709,50113.853293575536,49832.06306838843,49995.28806037695,10.292555858777249,0.1,0.0,0.01,0.0,0.0,0.0,100.0,100.0,0.001,0.001,0.5,0.5,0.5
90900000,50223.145947039724,50173.67225845139,49869.13164673082,49995.304962307004,6.824600214430271,0.1,0.0,0.01,0.0,0.0,0.0,100.0,100.0,0.001,0.001,0.5,0.5,0.5
91200000,49949.318557196646,50057.78373357369,49831.437814243676,49860.28656647291,8.040860077442725,0.1,0.0,0.01,0.0,0.0,0.0,100.0,100.0,0.001,0.001,0.5,0.5,0.5
91500000,49852.8412124816,50048.936240186566,49893.45280104743,49880.72903242294,9.997752309606081,0.1,0.0,0.01,0.0,0.0,0.0,100.0,100.0,0.001,0.001,0.5,0.5,0.5
91800000,49964.640371046706,50061.82697551018,49733.39896543861,49963.5364316212,9.782941259946657,0.1,0.0,0.01,0.0,0.0,0.0,100.0,100.0,0.001,0.001,0.5,0.5,0.5
92100000,49922.938387378905,50059.272750137534,49766.22540896661,49893.58197796179,8.701738299975464,0.1,0.0,0.01,0.0,0.0,0.0,100.0,100.0,0.001,0.001,0.5,0.5,0.5
92400000,50075.49015365218,50038.725450667895,49954.2064805347,49878.3329625435,9.398516046714425,0.1,0.0,0.01,0.0,0.0,0.0,100.0,100.0,0.001,0.001,0.5,0.5,0.5
92700000,50097.91875643327,50144.07792646013,49928.79566938308,50084.71413927075,8.17214725101733,0.1,0.0,0.01,0.0,0.0,0.0,100.0,100.0,0.001,0.001,0.5,0.5,0.5
93000000,50073.63738647524,50203.78329647103,49921.64541567078,49972.75330285981,13.155890627851429,0.1,0.0,0.01,0.0,0.0,0.0,100.0,100.0,0.001,0.001,0.5,0.5,0.5
93300000,49947.7065600414,50193.13374372073,49970.1052784274,49978.05282288216,8.341358131277769,0.1,0.0,0.01,0.0,0.0,0.0,100.0,100.0,0.001,0.001,0.5,0.5,0.5
93600000,49883.9924022941,50018.398413471004,49764.43270071146,49882.76072848136,11.416520672654507,0.1,0.0,0.01,0.0,0.0,0.0,100.0,100.0,0.001,0.001,0.5,0.5,0.5
93900000,50087.16470075326,50125.293968621365,49929.24415834005,49996.13638848196,13.258076719139627,0.1,0.0,0.01,0.0,0.0,0.0,100.0,100.0,0.001,0.001,0.5,0.5,0.5
94200000,49997.57329419308,49852.8092263382,49907.91690930824,49905.913677956196,7.636307841754098,0.1,0.0,0.01,0.0,0.0,0.0,100.0,100.0,0.001,0.001,0.5,0.5,0.5
94500000,50103.7691927875,49806.84088549229,49857.338561230026,50014.690815855116,12.16872917409755,0.1,0.0,0.01,0.0,0.0,0.0,100.0,100.0,0.001,0.001,0.5,0.5,0.5
94800000,49877.47243632918,49971.996318388214,49814.53086591192,50009.21722262138,13.348015380098797,0.1,0.0,0.01,0.0,0.0,0.0,100.0,100.0,0.001,0.001,0.5,0.5,0.5
95100000,50003.829523398876,49962.583856208,49828.29985553034,50080.86737403659,10.683603401639083,0.1,0.0,0.01,0.0,0.0,0.0,100.0,100.0,0.001,0.001,0.5,0.5,0.5
95400000,49966.76972837142,50018.45180632546,49959.796815283626,50108.74779769031,9.088730424788233,0.1,0.0,0.01,0.0,0.0,0.0,100.0,100.0,0.001,0.001,0.5,0.5,0.5
95700000,50073.04023346576,50102.31208770632,49745.422577983125,50035.2014620174,11.957101472451997,0.1,0.0,0.01,0.0,0.0,0.0,100.0,100.0,0.001,0.001,0.5,0.5,0.5
96000000,50005.31682383225,50081.02071719216,49920.1332965237,50221.70888901239,11.602201312053092,0.1,0.0,0.01,0.0,0.0,0.0,100.0,100.0,0.001,0.001,0.5,0.5,0.5
96300000,49993.74292362282,49991.09957324957,50104.947293563084,50207.1439436257,6.899150054215393,0.1,0.0,0.01,0.0,0.0,0.0,100.0,100.0,0.001,0.001,0.5,0.5,0.5
96600000,50130.07728790358,50102.88817446089,49931.096406700075,49970.49470779906,9.178160095122596,0.1,0.0,0.01,0.0,0.0,0.0,100.0,100.0,0.001,0.001,0.5,0.5,0.5
96900000,50226.552645721196,49974.002559699664,49784.96099349878,50106.812069323976,11.038339662678966,0.1,0.0,0.01,0.0,0.0,0.0,100.0,100.0,0.001,0.001,0.5,0.5,0.5
97200000,49745.38922241539,50158.372442421976,49991.77458098165,49965.423945755676,13.337500229018476,0.1,0.0,0.01,0.0,0.0,0.0,100.0,100.0,0.001,0.001,0.5,0.5,0.5
97500000,50006.94299992082,50133.27368612892,49722.23039741864,50049.90883122605,10.291265985018745,0.1,0.0,0.01,0.0,0.0,0.0,100.0,100.0,0.001,0.001,0.5,0.5,0.5
97800000,49801.260019675334,50036.687279679114,49983.37189971288,50050.124509960515,10.120710597920764,0.1,0.0,0.01,0.0,0.0,0.0,100.0,100.0,0.001,0.001,0.5,0.5,0.5
98100000,49985.33410697565,49983.925586659614,49871.048498429416,50053.901139249574,8.318162089963208,0.1,0.0,0.01,0.0,0.0,0.0,100.0,100.0,0.001,0.001,0.5,0.5,0.5
98400000,50120.06174021545,50044.080434479234,49865.12022482874,49954.441621540565,8.82384103254518,0.1,0.0,0.01,0.0,0.0,0.0,100.0,100.0,0.001,0.001,0.5,0.5,0.5
98700000,50019.414389012825,50285.62659825665,49919.3252337801,50031.42359862125,8.859508026341738,0.1,0.0,0.01,0.0,0.0,0.0,100.0,100.0,0.001,0.001,0.5,0.5,0.5
99000000,49923.14536526535,50073.53593411,49850.9229186597,49934.33635193253,12.874330553242835,0.1,0.0,0.01,0.0,0.0,0.0,100.0,100.0,0.001,0.001,0.5,0.5,0.5
99300000,50046.671008982266,50143.36844746432,50062.52518781415,50039.70303248439,10.298170108189927,0.1,0.0,0.01,0.0,0.0,0.0,100.0,100.0,0.001,0.001,0.5,0.5,0.5
99600000,49992.51331394877,50096.214777472655,49982.78852458604,50086.14507438917,7.4237922632137,0.1,0.0,0.01,0.0,0.0,0.0,100.0,100.0,0.001,0.001,0.5,0.5,0.5
99900000,50048.21038542878,50019.34964644479,49749.19701659678,50022.25179767615,10.19767528387091,0.1,0.0,0.01,0.0,0.0,0.0,100.0,100.0,0.001,0.001,0.5,0.5,0.5
100200000,49943.08717972779,50038.122138475606,49745.5213333544,49897.94651964024,10.714135654729692,0.1,0.0,0.01,0.0,0.0,0.0,100.0,100.0,0.001,0.001,0.5,0.5,0.5
100500000,50129.013989326784,50149.189793223064,49958.28125171441,49934.92360675519,9.46519541952633,0.1,0.0,0.01,0.0,0.0,0.0,100.0,100.0,0.001,0.001,0.5,0.5,0.5
100800000,50023.49969199735,50071.393510186055,49946.54933855619,50067.63382447961,11.0083120924848,0.1,0.0,0.01,0.0,0.0,0.0,100.0,100.0,0.001,0.001,0.5,0.5,0.5
101100000,50050.1662565005,49903.16460061173,49757.46285418704,49903.10488175905,6.523973745035281,0.1,0.0,0.01,0.0,0.0,0.0,100.0,100.0,0.001,0.001,0.5,0.5,0.5
101400000,50164.79693182245,50172.49761379611,49818.39782032685,49986.61345404047,15.5984629255624,0.1,0.0,0.01,0.0,0.0,0.0,100.0,100.0,0.001,0.001,0.5,0.5,0.5
101700000,50091.830097775986,50017.206148149366,49892.79957059168,49959.38975974825,5.290880441358989,0.1,0.0,0.01,0.0,0.0,0.0,100.0,100.0,0.001,0.001,0.5,0.5,0.5
102000000,50218.93900101698,50090.12776222128,49829.20530739285,50036.20243072276,12.712870610789956,0.1,0.0,0.01,0.0,0.0,0.0,100.0,100.0,0.001,0.001,0.5,0.5,0.5
102300000,49893.71724143198,50263.67049724709,49919.05616654997,50015.25437172606,8.949893259688508,0.1,0.0,0.01,0.0,0.0,0.0,100.0,100.0,0.001,0.001,0.5,0.5,0.5
102600000,49952.37326833261,50138.02479638091,49758.75312868909,49940.420970219006,8.87396858847611,0.1,0.0,0.01,0.0,0.0,0.0,100.0,100.0,0.001,0.001,0.5,0.5,0.5
102900000,49892.907175143,49998.461609912905,49833.50801487743,50036.51857346972,9.63417882048317,0.1,0.0,0.01,0.0,0.0,0.0,100.0,100.0,0.001,0.001,0.5,0.5,0.5
103200000,49968.591967848966,50162.75100787372,49783.165296396306,49999.40364582516,8.822052512408467,0.1,0.0,0.01,0.0,0.0,0.0,100.0,100.0,0.001,0.001,0.5,0.5,0.5
103500000,49755.650374667464,50260.92094218713,49904.29105289352,49946.727540722226,9.366709277087008,0.1,0.0,0.01,0.0,0.0,0.0,100.0,100.0,0.001,0.001,0.5,0.5,0.5
103800000,49801.08332626515,50184.43453800946,50084.53326912471,50194.6428814949,6.549539870369667,0.1,0.0,0.01,0.0,0.0,0.0,100.0,100.0,0.001,0.001,0.5,0.5,0.5
104100000,50053.65438850604,49996.53615103641,49902.44803081124,50069.197148598556,9.052292260990171,0.1,0.0,0.01,0.0,0.0,0.0,100.0,100.0,0.001,0.001,0.5,0.5,0.5
104400000,49975.938135676915,49897.37211030461,49790.675041799455,49845.724198040676,8.575181533166916,0.1,0.0,0.01,0.0,0.0,0.0,100.0,100.0,0.001,0.001,0.5,0.5,0.5
104700000,50075.80502701739,50169.86922906412,49925.63816532118,49957.23672179599,10.566968291079393,0.1,0.0,0.01,0.0,0.0,0.0,100.0,100.0,0.001,0.001,0.5,0.5,0.5
105000000,50063.607177104925,50199.015470839375,49843.672690139334,49946.360920963314,10.909209844027705,0.1,0.0,0.01,0.0,0.0,0.0,100.0,100.0,0.001,0.001,0.5,0.5,0.5
105300000,50076.24453731598,49950.837506879776,49760.67936861244,49847.57836416364,8.239091431018283,0.1,0.0,0.01,0.0,0.0,0.0,100.0,100.0,0.001,0.001,0.5,0.5,0.5
105600000,49968.31915281307,50073.201021289125,50052.92197922967,50081.87392786392,10.021214425504187,0.1,0.0,0.01,0.0,0.0,0.0,100.0,100.0,0.001,0.001,0.5,0.5,0.5
105900000,50059.16452075935,50074.784380014586,49820.54575030383,49957.25118169586,7.947418050621293,0.1,0.0,0.01,0.0,0.0,0.0,100.0,100.0,0.001,0.001,0.5,0.5,0.5
106200000,50158.79555226124,50148.71349574969,49727.914990743964,50010.412159023916,9.250893501541505,0.1,0.0,0.01,0.0,0.0,0.0,100.0,100.0,0.001,0.001,0.5,0.5,0.5
106500000,50158.394126528394,50102.03235870931,49962.32851749006,49871.84655658214,10.229137063395969,0.1,0.0,0.01,0.0,0.0,0.0,100.0,100.0,0.001,0.001,0.5,0.5,0.5
106800000,50053.392491768725,50048.169836867535,49892.15186504206,49986.44581503812,10.646099038432324,0.1,0.0,0.01,0.0,0.0,0.0,100.0,100.0,0.001,0.001,0.5,0.5,0.5
107100000,50056.365494671576,50040.55446818416,49899.4313778516,50022.166599057455,11.679212548259548,0.1,0.0,0.01,0.0,0.0,0.0,100.0,100.0,0.001,0.001,0.5,0.5,0.5
107400000,49983.562802361834,50084.76563774942,49857.08828262206,49990.255569659166,8.82363235361787,0.1,0.0,0.01,0.0,0.0,0.0,100.0,100.0,0.001,0.001,0.5,0.5,0.5
107700000,50003.08339255929,49908.48802173294,49887.86996632009,49955.01960803502,12.53274477424847,0.1,0.0,0.01,0.0,0.0,0.0,100.0,100.0,0.001,0.001,0.5,0.5,0.5
108000000,50038.48503062342,50097.14189726952,49932.39123083925,49947.78287438289,8.06702704500514,0.1,0.0,0.01,0.0,0.0,0.0,100.0,100.0,0.001,0.001,0.5,0.5,0.5
108300000,49976.75346060097,49949.50701497614,49963.464490738086,49993.343804121585,6.963610407287414,0.1,0.0,0.01,0.0,0.0,0.0,100.0,100.0,0.001,0.001,0.5,0.5,0.5
108600000,50054.57513496292,49972.67714939076,49922.97184521336,50002.704219675514,9.757782470662006,0.1,0.0,0.01,0.0,0.0,0.0,100.0,100.0,0.001,0.001,0.5,0.5,0.5
108900000,49963.44489635696,49980.669723305735,49963.31819438387,49829.120170913615,9.35013534114734,0.1,0.0,0.01,0.0,0.0,0.0,100.0,100.0,0.001,0.001,0.5,0.5,0.5
109200000,50019.17576007415,50119.494561292995,49964.62203509814,50089.95721249793,10.551923666787138,0.1,0.0,0.01,0.0,0.0,0.0,100.0,100.0,0.001,0.001,0.5,0.5,0.5
109500000,49981.397915592606,50080.0491811209,49881.23690080629,50040.38807287627,9.748722021290336,0.1,0.0,0.01,0.0,0.0,0.0,100.0,100.0,0.001,0.001,0.5,0.5,0.5
109800000,49962.757961512354,49885.840280354096,49982.84520675742,49993.85236841623,8.962767048447535,0.1,0.0,0.01,0.0,0.0,0.0,100.0,100.0,0.001,0.001,0.5,0.5,0.5
110100000,49921.16219744061,50196.181948145786,49867.778550434035,49982.29452765585,12.77214054787768,0.1,0.0,0.01,0.0,0.0,0.0,100.0,100.0,0.001,0.001,0.5,0.5,0.5
110400000,49871.01139135612,49975.54924321184,49832.177476332996,49961.704492979894,13.299104792284268,0.1,0.0,0.01,0.0,0.0,0.0,100.0,100.0,0.001,0.001,0.5,0.5,0.5
110700000,50063.230073212515,50001.92343054382,49880.66536073602,50039.60180163136,11.456790868174947,0.1,0.0,0.01,0.0,0.0,0.0,100.0,100.0,0.001,0.001,0.5,0.5,0.5
111000000,49843.55381267034,50116.654295255255,50054.928337006,50141.69576646867,10.493739907111646,0.1,0.0,0.01,0.0,0.0,0.0,100.0,100.0,0.001,0.001,0.5,0.5,0.5
111300000,49982.50612772228,49970.36053992334,50041.68471777106,50150.79321388334,12.053197930545664,0.1,0.0,0.01,0.0,0.0,0.0,100.0,100.0,0.001,0.001,0.5,0.5,0.5
111600000,49986.5495372474,50108.3545933136,49790.807938856786,49896.64493938293,8.36536739800027,0.1,0.0,0.01,0.0,0.0,0.0,100.0,100.0,0.001,0.001,0.5,0.5,0.5
111900000,49916.443374861105,49924.11816657689,49822.619431127954,49993.73012038752,9.730528211127435,0.1,0.0,0.01,0.0,0.0,0.0,100.0,100.0,0.001,0.001,0.5,0.5,0.5
112200000,50029.95147265686,49952.24958102,49869.75616688334,50104.134245721965,9.59183338744825,0.1,0.0,0.01,0.0,0.0,0.0,100.0,100.0,0.001,0.001,0.5,0.5,0.5
112500000,49968.85106880175,50167.10719328386,50091.158770300266,49901.71349459577,9.835175827463154,0.1,0.0,0.01,0.0,0.0,0.0,100.0,100.0,0.001,0.001,0.5,0.5,0.5
112800000,49924.56837152273,49949.986712831385,49838.56340916621,50122.07846415921,9.257183568456233,0.1,0.0,0.01,0.0,0.0,0.0,100.0,100.0,0.001,0.001,0.5,0.5,0.5
113100000,50024.58110445026,50045.75603986222,49803.614984819505,50049.46740700079,9.592488087521902,0.1,0.0,0.01,0.0,0.0,0.0,100.0,100.0,0.001,0.001,0.5,0.5,0.5
113400000,50128.082571063205,50299.50591972784,49960.768035675894,49938.881647755385,7.5447092135081295,0.1,0.0,0.01,0.0,0.0,0.0,100.0,100.0,0.001,0.001,0.5,0.5,0.5
113700000,50029.26625532841,50131.2084971095,49839.01695241789,49855.37820800889,7.679871663848282,0.1,0.0,0.01,0.0,0.0,0.0,100.0,100.0,0.001,0.001,0.5,0.5,0.5
114000000,49932.76185612894,50210.20557603045,50044.47376083455,50046.29139694124,8.328444005434225,0.1,0.0,0.01,0.0,0.0,0.0,100.0,100.0,0.001,0.001,0.5,0.5,0.5
114300000,49965.28900647394,50114.26458795225,49895.34080316485,49987.310292385446,10.497354049942082,0.1,0.0,0.01,0.0,0.0,0.0,100.0,100.0,0.001,0.001,0.5,0.5,0.5
114600000,49928.38086471132,50340.76281549937,49897.44200297802,50009.25548499254,11.446404278964248,0.1,0.0,0.01,0.0,0.0,0.0,100.0,100.0,0.001,0.001,0.5,0.5,0.5
114900000,49982.17213847963,49987.23904200891,49861.23363709754,49897.82754712228,8.465559026333068,0.1,0.0,0.01,0.0,0.0,0.0,100.0,100.0,0.001,0.001,0.5,0.5,0.5
115200000,49977.26340410802,50039.263830842734,49929.98205815389,49998.393025433295,10.254100710568846,0.1,0.0,0.01,0.0,0.0,0.0,100.0,100.0,0.001,0.001,0.5,0.5,0.5
115500000,50056.91133047528,49996.39903614022,49889.18452285536,49868.366417771664,12.121536647139317,0.1,0.0,0.01,0.0,0.0,0.0,100.0,100.0,0.001,0.001,0.5,0.5,0.5
115800000,50132.13865195438,50203.358741896554,49871.18117100305,50077.19488915035,9.571807190669542,0.1,0.0,0.01,0.0,0.0,0.0,100.0,100.0,0.001,0.001,0.5,0.5,0.5
116100000,49822.520034489644,50085.1569355368,49861.65346546709,50026.59130895521,5.072613090631418,0.1,0.0,0.01,0.0,0.0,0.0,100.0,100.0,0.001,0.001,0.5,0.5,0.5
116400000,49842.956233627556,50152.08628619088,49885.686188825755,50098.87572375469,11.541871149777716,0.1,0.0,0.01,0.0,0.0,0.0,100.0,100.0,0.001,0.001,0.5,0.5,0.5
116700000,49909.044740404686,50027.90623528276,49957.29123849296,50175.75542651623,10.788780890255252,0.1,0.0,0.01,0.0,0.0,0.0,100.0,100.0,0.001,0.001,0.5,0.5,0.5
117000000,49971.868506513376,50063.13299051365,49923.916236854166,50144.084998464685,13.29295032610995,0.1,0.0,0.01,0.0,0.0,0.0,100.0,100.0,0.001,0.001,0.5,0.5,0.5
117300000,49933.28504854249,49995.736891083376,49985.61455624396,50115.502718240794,15.487179031849212,0.1,0.0,0.01,0.0,0.0,0.0,100.0,100.0,0.001,0.001,0.5,0.5,0.5
117600000,49909.2252485212,50211.05361779031,49995.60401258937,49892.0172516448,10.758700814745032,0.1,0.0,0.01,0.0,0.0,0.0,100.0,100.0,0.001,0.001,0.5,0.5,0.5
117900000,50072.12721493544,49851.7328774546,50087.981697986696,49856.8295638691,9.870292239650606,0.1,0.0,0.01,0.0,0.0,0.0,100.0,100.0,0.001,0.001,0.5,0.5,0.5
118200000,49916.91743607139,50161.510666312024,50006.018246933956,50000.80211298032,12.627042070219316,0.1,0.0,0.01,0.0,0.0,0.0,100.0,100.0,0.001,0.001,0.5,0.5,0.5
118500000,49885.214157752824,50037.1571737562,50036.41773325161,50137.36959059066,10.385870984942144,0.1,0.0,0.01,0.0,0.0,0.0,100.0,100.0,0.001,0.001,0.5,0.5,0.5
118800000,49936.31321142807,49905.10648494678,49795.11494510286,49947.79806848843,11.482379817645661,0.1,0.0,0.01,0.0,0.0,0.0,100.0,100.0,0.001,0.001,0.5,0.5,0.5
119100000,49913.535312948065,50153.63213455692,50128.3556522639,49960.823695809,8.000028617219643,0.1,0.0,0.01,0.0,0.0,0.0,100.0,100.0,0.001,0.001,0.5,0.5,0.5
119400000,49872.856510493264,50106.68030613848,49886.87177045155,50048.974357058374,11.635482641487553,0.1,0.0,0.01,0.0,0.0,0.0,100.0,100.0,0.001,0.001,0.5,0.5,0.5
119700000,49969.99400411714,50169.89973033904,49993.86582698645,49990.82686121856,8.851736174213997,0.1,0.0,0.01,0.0,0.0,0.0,100.0,100.0,0.001,0.001,0.5,0.5,0.5
120000000,50010.03552219618,50289.99151185849,49966.65000943256,49939.85319795083,12.568924611314957,0.1,0.0,0.01,0.0,0.0,0.0,100.0,100.0,0.001,0.001,0.5,0.5,0.5
120300000,49977.24054076205,50083.466469085724,49774.978744576416,49893.54907205603,10.450017497167444,0.1,0.0,0.01,0.0,0.0,0.0,100.0,100.0,0.001,0.001,0.5,0.5,0.5
120600000,49817.7920326182,49948.328641275024,49771.99929805471,50048.69482636391,9.356550217614572,0.1,0.0,0.01,0.0,0.0,0.0,100.0,100.0,0.001,0.001,0.5,0.5,0.5
120900000,50022.693240485474,50237.21276079009,50079.89152054763,49913.51423540908,12.132558027918087,0.1,0.0,0.01,0.0,0.0,0.0,100.0,100.0,0.001,0.001,0.5,0.5,0.5
121200000,50062.34766230567,50022.483514005886,49886.50430526456,50056.135320335234,9.222873332618445,0.1,0.0,0.01,0.0,0.0,0.0,100.0,100.0,0.001,0.001,0.5,0.5,0.5
121500000,50231.15596040615,50305.24559353153,49996.65796911215,49993.256025887735,6.373027305841783,0.1,0.0,0.01,0.0,0.0,0.0,100.0,100.0,0.001,0.001,0.5,0.5,0.5
121800000,50000.409133663285,50082.59617372366,49842.832070015764,50032.537209585826,10.931447801666899,0.1,0.0,0.01,0.0,0.0,0.0,100.0,100.0,0.001,0.001,0.5,0.5,0.5
122100000,50159.88596068893,50147.44175535939,49973.32411004889,50011.334438633945,8.372602072975798,0.1,0.0,0.01,0.0,0.0,0.0,100.0,100.0,0.001,0.001,0.5,0.5,0.5
122400000,49920.5987173497,49968.31686097371,49759.6726946493,49930.36055348664,9.459300032741606,0.1,0.0,0.01,0.0,0.0,0.0,100.0,100.0,0.001,0.001,0.5,0.5,0.5
122700000,49886.483967722794,50364.507300668214,49938.16221584492,50053.31061013398,13.662967541769788,0.1,0.0,0.01,0.0,0.0,0.0,100.0,100.0,0.001,0.001,0.5,0.5,0.5
123000000,49960.90159167449,50067.26235172003,49797.10166470309,50034.2016936025,10.329148738551108,0.1,0.0,0.01,0.0,0.0,0.0,100.0,100.0,0.001,0.001,0.5,0.5,0.5
123300000,49829.93545743347,50058.708874330376,50037.97090267925,49976.69582156705,7.992371029098205,0.1,0.0,0.01,0.0,0.0,0.0,100.0,100.0,0.001,0.001,0.5,0.5,0.5
123600000,49918.15728202076,50069.527693769225,49858.04226207434,50232.82946394866,9.95689362494149,0.1,0.0,0.01,0.0,0.0,0.0,100.0,100.0,0.001,0.001,0.5,0.5,0.5
123900000,50008.03285874309,50034.54188971877,50016.64187358848,50096.58855975068,9.241235109535596,0.1,0.0,0.01,0.0,0.0,0.0,100.0,100.0,0.001,0.001,0.5,0.5,0.5
124200000,50159.99663274299,50220.8546199206,50049.68836283072,49933.67751795561,9.333755392676721,0.1,0.0,0.01,0.0,0.0,0.0,100.0,100.0,0.001,0.001,0.5,0.5,0.5
124500000,49962.36317713677,50085.28901542893,49949.25939433111,50017.288998101285,11.323464682749286,0.1,0.0,0.01,0.0,0.0,0.0,100.0,100.0,0.001,0.001,0.5,0.5,0.5
124800000,49905.859180487554,49993.900210695705,49957.288743437966,50085.15068701912,8.979150208224686,0.1,0.0,0.01,0.0,0.0,0.0,100.0,100.0,0.001,0.001,0.5,0.5,0.5
125100000,49787.65426452292,50080.28549243497,50009.42202834934,50207.11248277549,13.227450609926452,0.1,0.0,0.01,0.0,0.0,0.0,100.0,100.0,0.001,0.001,0.5,0.5,0.5
125400000,49959.18406770425,50204.45148506934,49914.67733274241,49926.684214241446,12.81191306437482,0.1,0.0,0.01,0.0,0.0,0.0,100.0,100.0,0.001,0.001,0.5,0.5,0.5
125700000,50223.638707517435,50072.32127050986,49814.66406653064,50086.25056646088,13.096993930794872,0.1,0.0,0.01,0.0,0.0,0.0,100.0,100.0,0.001,0.001,0.5,0.5,0.5
126000000,50073.36610992825,50140.8804830085,50134.83712665858,50103.65929733807,7.510782666422403,0.1,0.0,0.01,0.0,0.0,0.0,100.0,100.0,0.001,0.001,0.5,0.5,0.5
126300000,49931.11939694677,49967.88340193111,49885.036130887536,49828.30164087164,8.977047989180848,0.1,0.0,0.01,0.0,0.0,0.0,100.0,100.0,0.001,0.001,0.5,0.5,0.5
126600000,50131.95414619968,49999.0536748529,49921.25085358381,49975.29919050351,11.458307008950259,0.1,0.0,0.01,0.0,0.0,0.0,100.0,100.0,0.001,0.001,0.5,0.5,0.5
126900000,49874.07689700108,50215.048228523985,49791.33329060992,49932.23637392449,12.480026405696645,0.1,0.0,0.01,0.0,0.0,0.0,100.0,100.0,0.001,0.001,0.5,0.5,0.5
127200000,50033.25317395226,50031.95517342643,49899.30616562569,50014.15649507474,8.981167676143397,0.1,0.0,0.01,0.0,0.0,0.0,100.0,100.0,0.001,0.001,0.5,0.5,0.5
127500000,49988.17991822737,49925.524637770875,50017.40769770094,50045.19092580582,11.345020727531228,0.1,0.0,0.01,0.0,0.0,0.0,100.0,100.0,0.001,0.001,0.5,0.5,0.5
127800000,49809.297049504305,50198.43117331606,50037.36807775869,50050.933407547156,7.816586094370282,0.1,0.0,0.01,0.0,0.0,0.0,100.0,100.0,0.001,0.001,0.5,0.5,0.5
128100000,50057.41693777111,50207.11854875612,49888.476236396986,49999.798587429475,9.834532192052318,0.1,0.0,0.01,0.0,0.0,0.0,100.0,100.0,0.001,0.001,0.5,0.5,0.5
128400000,49828.48593912465,50089.49161983918,49925.10187069923,50243.949834024876,5.796146718059222,0.1,0.0,0.01,0.0,0.0,0.0,100.0,100.0,0.001,0.001,0.5,0.5,0.5
128700000,50101.10165134569,50118.70233159081,50024.79923660894,49911.261035884905,12.621386876617485,0.1,0.0,0.01,0.0,0.0,0.0,100.0,100.0,0.001,0.001,0.5,0.5,0.5
129000000,50010.69028522961,50006.41715782156,49822.46129480193,49992.42023606402,12.486735729774647,0.1,0.0,0.01,0.0,0.0,0.0,100.0,100.0,0.001,0.001,0.5,0.5,0.5
129300000,49775.82059797505,49917.40905354935,49959.58870491185,49926.9560353164,9.948439356797717,0.1,0.0,0.01,0.0,0.0,0.0,100.0,100.0,0.001,0.001,0.5,0.5,0.5
129600000,49891.13737577958,50274.46789562048,49794.88204571185,50048.51840202979,9.8511470651472,0.1,0.0,0.01,0.0,0.0,0.0,100.0,100.0,0.001,0.001,0.5,0.5,0.5
129900000,49964.052872980115,50049.47018078656,49771.17018924843,49791.276497475665,9.474489355584057,0.1,0.0,0.01,0.0,0.0,0.0,100.0,100.0,0.001,0.001,0.5,0.5,0.5
130200000,49901.01821538672,50044.629209181265,49793.623045984605,49872.97818500921,10.478908329815159,0.1,0.0,0.01,0.0,0.0,0.0,100.0,100.0,0.001,0.001,0.5,0.5,0.5
130500000,49841.03419867378,50153.763517596395,49860.79465197265,49969.756220134186,11.823858652043725,0.1,0.0,0.01,0.0,0.0,0.0,100.0,100.0,0.001,0.001,0.5,0.5,0.5
130800000,50123.34660291038,50131.62195542728,49861.4828796055,49847.658581807686,8.562078185043312,0.1,0.0,0.01,0.0,0.0,0.0,100.0,100.0,0.001,0.001,0.5,0.5,0.5
131100000,49918.83620737294,50052.32997935479,49968.76888545377,50089.18512025272,4.820372734486429,0.1,0.0,0.01,0.0,0.0,0.0,100.0,100.0,0.001,0.001,0.5,0.5,0.5
131400000,49948.65227593208,50263.07301904494,49824.54544260678,50067.66932689498,14.664484748311008,0.1,0.0,0.01,0.0,0.0,0.0,100.0,100.0,0.001,0.001,0.5,0.5,0.5
131700000,49964.36706618445,49995.27401150293,49823.45383463259,49879.86669289529,12.19153172533382,0.1,0.0,0.01,0.0,0.0,0.0,100.0,100.0,0.001,0.001,0.5,0.5,0.5
132000000,49846.43334730651,50174.0381047184,49668.22901559584,50057.98311890604,12.733157582600565,0.1,0.0,0.01,0.0,0.0,0.0,100.0,100.0,0.001,0.001,0.5,0.5,0.5
132300000,50036.98630955316,50086.13939008894,49787.318247389965,49982.23107677601,7.372790871768094,0.1,0.0,0.01,0.0,0.0,0.0,100.0,100.0,0.001,0.001,0.5,0.5,0.5
132600000,49891.89968246547,50201.113043672085,49759.336491310176,49991.01894116419,6.015181295446036,0.1,0.0,0.01,0.0,0.0,0.0,100.0,100.0,0.001,0.001,0.5,0.5,0.5
132900000,49807.89987822584,50097.33202720889,49857.75175250407,49901.77416834628,12.16886685153451,0.1,0.0,0.01,0.0,0.0,0.0,100.0,100.0,0.001,0.001,0.5,0.5,0.5
133200000,50021.98277581516,50060.08198830981,50035.31185865842,50016.850594727,11.300362825486276,0.1,0.0,0.01,0.0,0.0,0.0,100.0,100.0,0.001,0.001,0.5,0.5,0.5
133500000,49981.58705603268,50148.312858950885,49960.44550330962,49933.38522175481,11.359055371243313,0.1,0.0,0.01,0.0,0.0,0.0,100.0,100.0,0.001,0.001,0.5,0.5,0.5
133800000,50029.613343154946,49955.38106312567,50120.56937724954,50113.02647029388,10.425560624919525,0.1,0.0,0.01,0.0,0.0,0.0,100.0,100.0,0.001,0.001,0.5,0.5,0.5
134100000,50014.651083636454,50062.280316011165,49979.51777815957,50058.41636461326,7.143186725072104,0.1,0.0,0.01,0.0,0.0,0.0,100.0,100.0,0.001,0.001,0.5,0.5,0.5
134400000,49961.99418765687,50034.916442171605,49718.52365983726,50128.977511042576,11.987714749633675,0.1,0.0,0.01,0.0,0.0,0.0,100.0,100.0,0.001,0.001,0.5,0.5,0.5
134700000,49932.15044068025,50210.85684613864,49980.58940634518,49908.49388274459,13.303129350223516,0.1,0.0,0.01,0.0,0.0,0.0,100.0,100.0,0.001,0.001,0.5,0.5,0.5
135000000,49995.64289964832,49990.736482515174,49721.481327552545,49964.095162310354,13.580300572237913,0.1,0.0,0.01,0.0,0.0,0.0,100.0,100.0,0.001,0.001,0.5,0.5,0.5
135300000,49992.238259529746,50069.63820205158,49964.34621787093,49976.08367803816,7.760598871545931,0.1,0.0,0.01,0.0,0.0,0.0,100.0,100.0,0.001,0.001,0.5,0.5,0.5
135600000,50000.420347919106,50117.11901248352,49805.2408602184,50126.39135778663,8.907520528732494,0.1,0.0,0.01,0.0,0.0,0.0,100.0,100.0,0.001,0.001,0.5,0.5,0.5
135900000,50095.5292365224,50048.1443475234,49942.381277075874,50116.79468808326,7.67932700065017,0.1,0.0,0.01,0.0,0.0,0.0,100.0,100.0,0.001,0.001,0.5,0.5,0.5
136200000,50091.29962927812,49973.65275851061,50085.12169471005,50162.1321181165,10.883038253068781,0.1,0.0,0.01,0.0,0.0,0.0,100.0,100.0,0.001,0.001,0.5,0.5,0.5
136500000,49928.088205092776,50201.39060099124,49968.41831302573,50115.682265286494,9.316084496610612,0.1,0.0,0.01,0.0,0.0,0.0,100.0,100.0,0.001,0.001,0.5,0.5,0.5
136800000,50138.58801314845,49925.565321515016,49959.58148922636,49970.56347805418,11.94997031365931,0.1,0.0,0.01,0.0,0.0,0.0,100.0,100.0,0.001,0.001,0.5,0.5,0.5
137100000,49878.697111402296,50184.518220534315,49937.71262298064,50001.76804513458,11.837905122794686,0.1,0.0,0.01,0.0,0.0,0.0,100.0,100.0,0.001,0.001,0.5,0.5,0.5
137400000,49965.064607492815,50130.12892802233,49972.02776443706,50016.45397055657,9.172172792564108,0.1,0.0,0.01,0.0,0.0,0.0,100.0,100.0,0.001,0.001,0.5,0.5,0.5
137700000,50016.33342232986,50123.7261532574,49872.79145141561,49979.82565140663,10.7915128253873,0.1,0.0,0.01,0.0,0.0,0.0,100.0,100.0,0.001,0.001,0.5,0.5,0.5
138000000,50012.88420302104,50226.53016000568,49946.23717412365,50045.08613261214,7.443909839788043,0.1,0.0,0.01,0.0,0.0,0.0,100.0,100.0,0.001,0.001,0.5,0.5,0.5
138300000,49850.33389458029,50145.812315911506,49783.23991976616,49950.40674621831,10.372815179417348,0.1,0.0,0.01,0.0,0.0,0.0,100.0,100.0,0.001,0.001,0.5,0.5,0.5
138600000,49911.26200285742,49972.40780465153,49792.841871636396,50172.75489426252,10.845683304329786,0.1,0.0,0.01,0.0,0.0,0.0,100.0,100.0,0.001,0.001,0.5,0.5,0.5
138900000,50013.4755381207,50239.46040605167,49880.52226568607,49908.72740609877,10.11194408610542,0.1,0.0,0.01,0.0,0.0,0.0,100.0,100.0,0.001,0.001,0.5,0.5,0.5
139200000,49944.97533844677,50057.91190475141,49866.1388800484,49996.654109326104,10.74153141268882,0.1,0.0,0.01,0.0,0.0,0.0,100.0,100.0,0.001,0.001,0.5,0.5,0.5
139500000,50095.60571664386,50002.83509348248,49928.20437004541,49943.24346286188,12.242356864386787,0.1,0.0,0.01,0.0,0.0,0.0,100.0,100.0,0.001,0.001,0.5,0.5,0.5
139800000,49991.448785689274,50273.038725487946,49949.978976460225,49901.79035830617,9.80722720957469,0.1,0.0,0.01,0.0,0.0,0.0,100.0,100.0,0.001,0.001,0.5,0.5,0.5
140100000,49922.0389593076,49974.480043612486,49880.03244691421,49866.5519435591,11.640262982137678,0.1,0.0,0.01,0.0,0.0,0.0,100.0,100.0,0.001,0.001,0.5,0.5,0.5
140400000,49869.329781830806,50210.04005486004,49896.938205455444,50084.57891493293,12.129344941037203,0.1,0.0,0.01,0.0,0.0,0.0,100.0,100.0,0.001,0.001,0.5,0.5,0.5
140700000,50048.55035565304,50155.89112802184,49963.229793723156,50133.590824520244,10.41414422266371,0.1,0.0,0.01,0.0,0.0,0.0,100.0,100.0,0.001,0.001,0.5,0.5,0.5
141000000,49916.764727123744,50091.60864053092,50140.20936184836,50190.95595863856,10.203794626592211,0.1,0.0,0.01,0.0,0.0,0.0,100.0,100.0,0.001,0.001,0.5,0.5,0.5
141300000,50021.69809914545,49993.74004539294,49889.12061968016,50047.40278287163,13.806649753297382,0.1,0.0,0.01,0.0,0.0,0.0,100.0,100.0,0.001,0.001,0.5,0.5,0.5
141600000,49888.94440097955,50046.06500537208,49899.07618762422,49962.702646238744,8.88344086675933,0.1,0.0,0.01,0.0,0.0,0.0,100.0,100.0,0.001,0.001,0.5,0.5,0.5
141900000,49897.827512303236,50213.79938076143,49900.59783112396,49828.49462001363,9.778953987616557,0.1,0.0,0.01,0.0,0.0,0.0,100.0,100.0,0.001,0.001,0.5,0.5,0.5
142200000,50083.96120494801,50184.27633591858,49812.6256322665,49879.192048582125,10.09880177661794,0.1,0.0,0.01,0.0,0.0,0.0,100.0,100.0,0.001,0.001,0.5,0.5,0.5
142500000,49843.66772031317,50159.975506176095,49992.364032013924,49956.72165980239,9.978650564230188,0.1,0.0,0.01,0.0,0.0,0.0,100.0,100.0,0.001,0.001,0.5,0.5,0.5
142800000,49938.66044345317,50295.81068369263,50017.760458985984,50003.15449557205,8.287485573693246,0.1,0.0,0.01,0.0,0.0,0.0,100.0,100.0,0.001,0.001,0.5,0.5,0.5
143100000,50018.8891865854,50311.178543488575,49882.1764913028,50152.95939906783,7.063264906647715,0.1,0.0,0.01,0.0,0.0,0.0,100.0,100.0,0.001,0.001,0.5,0.5,0.5
143400000,49946.064413545486,50120.32171014773,49913.49685219609,50045.54137077607,8.785083902709808,0.1,0.0,0.01,0.0,0.0,0.0,100.0,100.0,0.001,0.001,0.5,0.5,0.5
143700000,49854.57864467165,50033.415724075276,49849.98265332095,49804.92066739517,11.369878911131938,0.1,0.0,0.01,0.0,0.0,0.0,100.0,100.0,0.001,0.001,0.5,0.5,0.5
144000000,49868.60836631163,49997.01159449326,49817.92566060039,50007.14227542544,10.38338608717432,0.1,0.0,0.01,0.0,0.0,0.0,100.0,100.0,0.001,0.001,0.5,0.5,0.5
144300000,50171.90138380019,50071.39892592636,49861.48258016915,49979.17668040638,10.14831857371638,0.1,0.0,0.01,0.0,0.0,0.0,100.0,100.0,0.001,0.001,0.5,0.5,0.5
144600000,49889.83697847704,50127.86649189764,49858.869511697834,50098.00490017752,10.972339567505106,0.1,0.0,0.01,0.0,0.0,0.0,100.0,100.0,0.001,0.001,0.5,0.5,0.5
144900000,50103.74297087421,50064.721850290895,50036.70550371864,50010.884445535055,9.699928629199794,0.1,0.0,0.01,0.0,0.0,0.0,100.0,100.0,0.001,0.001,0.5,0.5,0.5
145200000,50132.42332620236,49983.90689880164,49794.90099653934,50033.697830811056,11.410360929236143,0.1,0.0,0.01,0.0,0.0,0.0,100.0,100.0,0.001,0.001,0.5,0.5,0.5
145500000,49960.924689421896,50076.74390245825,49885.63555697264,49998.586132274744,8.573311739807782,0.1,0.0,0.01,0.0,0.0,0.0,100.0,100.0,0.001,0.001,0.5,0.5,0.5
145800000,49965.30123621306,50083.69563329129,49888.90067890232,50156.77050562119,5.9111102115262275,0.1,0.0,0.01,0.0,0.0,0.0,100.0,100.0,0.001,0.001,0.5,0.5,0.5
146100000,49986.50441257254,50130.41122517006,50013.219670002574,49777.270113591905,9.128690799449318,0.1,0.0,0.01,0.0,0.0,0.0,100.0,100.0,0.001,0.001,0.5,0.5,0.5
146400000,50048.32700787743,49976.37087587078,49973.83892981275,50174.364948293914,7.816743252271126,0.1,0.0,0.01,0.0,0.0,0.0,100.0,100.0,0.001,0.001,0.5,0.5,0.5
146700000,50051.94528171569,50321.33178123874,49939.6600602824,49914.30917153449,9.750599168320859,0.1,0.0,0.01,0.0,0.0,0.0,100.0,100.0,0.001,0.001,0.5,0.5,0.5
147000000,49985.70354794225,50013.3079553015,49857.01578170091,49995.290337278195,8.457329574061742,0.1,0.0,0.01,0.0,0.0,0.0,100.0,100.0,0.001,0.001,0.5,0.5,0.5
147300000,50047.89475156165,49934.23060423481,49879.847614219136,50083.48144827582,8.45232103647296,0.1,0.0,0.01,0.0,0.0,0.0,100.0,100.0,0.001,0.001,0.5,0.5,0.5
147600000,50019.22251682831,50217.47410028094,49801.52003220681,50001.12447132188,13.176755846421827,0.1,0.0,0.01,0.0,0.0,0.0,100.0,100.0,0.001,0.001,0.5,0.5,0.5
147900000,50085.76805200648,50140.08920131835,50034.53397850884,50027.81683894909,8.551038082096975,0.1,0.0,0.01,0.0,0.0,0.0,100.0,100.0,0.001,0.001,0.5,0.5,0.5
148200000,50093.41206593669,50080.428201259565,49986.71001634657,49958.558332646564,8.472609426855962,0.1,0.0,0.01,0.0,0.0,0.0,100.0,100.0,0.001,0.001,0.5,0.5,0.5
148500000,49776.86436261035,50210.9013544597,49925.28949370399,49931.57775917912,8.110756777020432,0.1,0.0,0.01,0.0,0.0,0.0,100.0,100.0,0.001,0.001,0.5,0.5,0.5
148800000,50115.65369034694,50123.042588078104,50014.50595354948,49891.55317201487,10.520819400789197,0.1,0.0,0.01,0.0,0.0,0.0,100.0,100.0,0.001,0.001,0.5,0.5,0.5
149100000,50256.71599843431,50009.404078222244,49977.336182607985,49794.39822693397,7.756395712072253,0.1,0.0,0.01,0.0,0.0,0.0,100.0,100.0,0.001,0.001,0.5,0.5,0.5
149400000,49995.05828065319,50016.517267418705,49793.4263674321,50014.69144678149,9.33390325182661,0.1,0.0,0.01,0.0,0.0,0.0,100.0,100.0,0.001,0.001,0.5,0.5,0.5
149700000,50015.953360086285,50062.54457089238,49840.030064031576,49891.56973939227,11.265125198955666,0.1,0.0,0.01,0.0,0.0,0.0,100.0,100.0,0.001,0.001,0.5,0.5,0.5
